head position, look position, look item name
(-7.18, 1.15, 8.08), (-5.64, 1.15, 6.54), Model ship
(-7.20, 1.75, 8.39), (-3.61, 1.51, 5.33), Front wall
(-7.12, 1.74, 8.47), (-3.77, 1.47, 4.96), Right wall
(-7.05, 1.74, 8.53), (-3.61, 1.26, 5.46), Front wall
(-7.04, 1.74, 8.51), (-3.61, 1.38, 7.09), Front wall
(-6.93, 1.75, 8.15), (-3.61, 1.66, 6.31), Front wall
(-6.78, 1.75, 7.78), (-3.61, 1.61, 7.32), Front wall
(-6.84, 1.75, 7.67), (-6.10, 1.80, 5.03), Ship height menu
(-6.83, 1.76, 7.67), (-6.27, 1.93, 5.03), Ship height menu
(-6.73, 1.71, 7.73), (-5.63, 1.36, 7.45), Model ship
(-6.73, 1.70, 7.73), (-5.64, 1.23, 7.64), Model ship
(-6.73, 1.69, 7.75), (-5.64, 1.20, 7.87), Model ship
(-6.77, 1.70, 7.81), (-4.62, 0.69, 9.74), left wall
(-6.79, 1.73, 7.80), (-4.94, 1.32, 9.74), left wall
(-6.81, 1.73, 7.79), (-5.37, 1.23, 9.74), left wall
(-6.85, 1.72, 7.74), (-5.38, 1.15, 9.74), left wall
(-6.87, 1.72, 7.74), (-5.36, 1.24, 9.74), left wall
(-6.87, 1.72, 7.75), (-5.31, 1.25, 9.74), left wall
(-6.87, 1.72, 7.74), (-5.29, 1.26, 9.74), left wall
(-6.86, 1.72, 7.74), (-5.44, 1.11, 9.74), left wall
(-6.86, 1.72, 7.76), (-6.08, 1.38, 8.90), Info Panel
(-6.88, 1.76, 7.85), (-6.15, 1.88, 8.99), Info Panel
(-6.69, 1.75, 8.16), (-6.08, 1.77, 8.94), Info Panel
(-6.62, 1.77, 8.26), (-6.07, 1.87, 8.96), Info Panel
(-6.55, 1.74, 8.34), (-6.12, 1.69, 8.97), Info Panel
(-6.56, 1.75, 8.34), (-6.14, 1.75, 9.00), Info Panel
(-6.57, 1.74, 8.32), (-6.20, 1.61, 9.02), Info Panel
(-6.58, 1.74, 8.36), (-6.12, 1.63, 8.95), Info Panel
(-6.56, 1.74, 8.42), (-6.10, 1.65, 8.94), Info Panel
(-6.56, 1.75, 8.35), (-6.12, 1.67, 8.96), Info Panel
(-6.56, 1.74, 8.35), (-6.12, 1.64, 8.96), Info Panel
(-6.57, 1.74, 8.35), (-6.13, 1.63, 8.96), Info Panel
(-6.57, 1.74, 8.36), (-6.11, 1.64, 8.94), Info Panel
(-6.57, 1.74, 8.36), (-6.10, 1.65, 8.94), Info Panel
(-6.57, 1.74, 8.36), (-6.11, 1.65, 8.95), Info Panel
(-6.58, 1.75, 8.36), (-6.16, 1.70, 9.01), Info Panel
(-6.58, 1.75, 8.36), (-6.14, 1.68, 8.99), Info Panel
(-6.57, 1.75, 8.35), (-6.13, 1.67, 8.97), Info Panel
(-6.57, 1.74, 8.37), (-6.06, 1.65, 8.90), Info Panel
(-6.56, 1.72, 8.37), (-6.10, 1.59, 8.92), Info Panel
(-6.56, 1.73, 8.36), (-6.09, 1.59, 8.92), Info Panel
(-6.56, 1.75, 8.36), (-6.16, 1.73, 9.02), Info Panel
(-6.51, 1.74, 8.37), (-6.02, 1.72, 8.88), Info Panel
(-6.53, 1.76, 8.36), (-6.05, 1.75, 8.92), Info Panel
(-6.54, 1.75, 8.38), (-6.12, 1.72, 8.97), Info Panel
(-6.54, 1.74, 8.40), (-6.10, 1.69, 8.95), Info Panel
(-6.52, 1.75, 8.38), (-5.97, 1.68, 8.83), Info Panel
(-6.51, 1.72, 8.21), (-5.48, 1.36, 7.55), Model ship
(-6.51, 1.71, 8.20), (-5.61, 1.36, 7.61), Model ship
(-6.50, 1.71, 8.22), (-5.64, 1.36, 7.93), Model ship
(-6.62, 1.67, 8.37), (-6.44, 0.79, 9.74), left wall
(-6.65, 1.67, 8.36), (-6.66, 0.81, 9.74), left wall
(-6.64, 1.67, 8.37), (-6.62, 0.80, 9.74), left wall
(-6.59, 1.74, 8.36), (-6.21, 1.65, 9.06), Info Panel
(-6.58, 1.76, 8.34), (-6.04, 1.75, 8.91), Info Panel
(-6.60, 1.75, 8.35), (-6.10, 1.74, 8.97), Info Panel
(-6.59, 1.75, 8.36), (-6.06, 1.71, 8.92), Info Panel
(-6.60, 1.75, 8.37), (-6.12, 1.74, 8.99), Info Panel
(-6.59, 1.75, 8.37), (-6.10, 1.73, 8.97), Info Panel
(-6.58, 1.76, 8.36), (-6.08, 1.78, 8.95), Info Panel
(-6.58, 1.77, 8.35), (-6.05, 1.85, 8.95), Info Panel
(-6.58, 1.76, 8.36), (-6.10, 1.81, 8.99), Info Panel
(-6.57, 1.77, 8.34), (-6.05, 1.85, 8.95), Info Panel
(-6.58, 1.75, 8.36), (-6.13, 1.73, 9.00), Info Panel
(-6.58, 1.75, 8.36), (-6.16, 1.73, 9.02), Info Panel
(-6.57, 1.76, 8.35), (-6.11, 1.79, 8.97), Web Browser
(-6.56, 1.76, 8.34), (-6.08, 1.76, 8.93), Web Browser
(-6.57, 1.76, 8.34), (-6.08, 1.76, 8.94), Web Browser
(-6.57, 1.75, 8.35), (-6.13, 1.68, 8.96), Web Browser
(-6.56, 1.74, 8.35), (-6.12, 1.67, 8.95), Web Browser
(-6.56, 1.74, 8.35), (-6.11, 1.67, 8.94), Web Browser
(-6.55, 1.75, 8.35), (-6.05, 1.72, 8.90), Web Browser
(-6.55, 1.77, 8.34), (-5.91, 1.86, 8.79), Web Browser
(-6.56, 1.74, 8.34), (-5.91, 1.68, 8.77), Info Panel
(-6.59, 1.77, 8.34), (-6.01, 1.88, 8.92), Info Panel
(-6.58, 1.77, 8.34), (-5.09, 1.91, 9.74), left wall
(-6.57, 1.70, 8.37), (-5.53, 0.99, 9.74), left wall
(-6.58, 1.68, 8.38), (-5.88, 0.78, 9.74), left wall
(-6.59, 1.67, 8.37), (-5.92, 0.66, 9.74), left wall
(-6.67, 1.65, 8.50), (-6.08, 0.50, 9.74), left wall
(-6.69, 1.64, 8.56), (-6.19, 0.42, 9.74), left wall
(-6.68, 1.63, 8.63), (-6.06, 0.35, 9.74), left wall
(-6.69, 1.71, 8.61), (-5.65, 1.25, 9.74), left wall
(-6.68, 1.76, 8.57), (-6.50, 1.78, 8.71), Keel
(-6.64, 1.73, 8.48), (-6.14, 1.65, 8.43), Keel
(-6.64, 1.71, 8.42), (-5.64, 1.35, 7.80), Model ship
(-6.63, 1.71, 8.42), (-5.64, 1.35, 7.88), Model ship
(-6.62, 1.71, 8.42), (-5.64, 1.36, 7.87), Model ship
(-6.61, 1.71, 8.42), (-5.64, 1.34, 7.83), Model ship
(-6.60, 1.70, 8.41), (-5.64, 1.30, 7.85), Model ship
(-6.59, 1.70, 8.48), (-3.61, 0.59, 8.75), Front wall
(-6.61, 1.68, 8.54), (-4.75, 0.47, 9.74), left wall
(-6.62, 1.68, 8.54), (-4.96, 0.58, 9.74), left wall
(-6.62, 1.69, 8.53), (-4.80, 0.67, 9.74), left wall
(-6.62, 1.72, 8.52), (-6.06, 1.53, 8.84), Info Panel
(-6.64, 1.77, 8.51), (-6.04, 1.83, 8.95), Info Panel
(-6.64, 1.77, 8.50), (-6.02, 1.86, 8.94), Info Panel
(-6.63, 1.77, 8.50), (-6.03, 1.85, 8.94), Info Panel
(-6.63, 1.73, 8.52), (-6.09, 1.63, 8.94), Info Panel
(-6.62, 1.73, 8.52), (-6.08, 1.58, 8.91), Info Panel
(-6.62, 1.77, 8.51), (-6.01, 1.82, 8.90), Info Panel
(-6.63, 1.77, 8.50), (-5.96, 1.87, 8.86), Info Panel
(-6.62, 1.77, 8.50), (-4.09, 1.99, 9.74), left wall
(-6.60, 1.69, 8.54), (-4.95, 0.63, 9.74), left wall
(-6.36, 1.66, 8.62), (-4.53, 0.00, 9.74), Ground
(-6.34, 1.67, 8.59), (-3.59, 0.00, 9.01), Ground
(-6.26, 1.68, 8.33), (-5.64, 1.32, 8.24), Model ship
(-6.26, 1.68, 8.33), (-5.64, 1.32, 8.28), Model ship
(-6.43, 1.68, 8.32), (-5.64, 1.26, 8.26), Model ship
(-6.59, 1.70, 8.32), (-5.64, 1.36, 8.12), Model ship
(-6.61, 1.70, 8.38), (-3.61, 0.29, 9.68), Front wall
(-6.64, 1.70, 8.41), (-4.91, 0.87, 9.74), left wall
(-6.64, 1.72, 8.41), (-4.78, 1.07, 9.74), left wall
(-6.65, 1.75, 8.40), (-5.97, 1.75, 8.85), Info Panel
(-6.65, 1.77, 8.39), (-5.98, 1.85, 8.87), Info Panel
(-6.66, 1.77, 8.38), (-5.95, 1.87, 8.85), Info Panel
(-6.65, 1.76, 8.39), (-5.98, 1.80, 8.86), Info Panel
(-6.66, 1.76, 8.39), (-6.01, 1.78, 8.89), Info Panel
(-6.66, 1.74, 8.40), (-6.07, 1.66, 8.92), Info Panel
(-6.66, 1.74, 8.39), (-6.07, 1.62, 8.91), Info Panel
(-6.67, 1.76, 8.40), (-6.08, 1.79, 8.98), Info Panel
(-6.69, 1.76, 8.40), (-6.14, 1.80, 9.05), Info Panel
(-6.68, 1.76, 8.40), (-6.13, 1.79, 9.03), Info Panel
(-6.67, 1.75, 8.40), (-6.11, 1.75, 9.00), Info Panel
(-6.65, 1.74, 8.39), (-6.06, 1.66, 8.91), Info Panel
(-6.63, 1.72, 8.40), (-6.04, 1.59, 8.87), Info Panel
(-6.61, 1.72, 8.39), (-6.00, 1.56, 8.81), Info Panel
(-6.64, 1.73, 8.42), (-6.17, 1.64, 9.03), Info Panel
(-6.63, 1.75, 8.39), (-6.07, 1.76, 8.96), Info Panel
(-6.63, 1.74, 8.41), (-6.08, 1.70, 8.95), Info Panel
(-6.62, 1.71, 8.37), (-6.10, 1.47, 8.89), Info Panel
(-6.63, 1.71, 8.37), (-6.14, 1.39, 8.93), Info Panel
(-6.64, 1.73, 8.42), (-6.07, 1.57, 8.89), Info Panel
(-6.65, 1.72, 8.49), (-6.07, 1.55, 8.89), Info Panel
(-6.62, 1.71, 8.45), (-6.09, 1.46, 8.90), Info Panel
(-6.46, 1.68, 8.46), (-6.09, 1.35, 8.86), Info Panel
(-6.43, 1.68, 8.51), (-6.09, 1.39, 8.88), Info Panel
(-6.46, 1.72, 8.49), (-6.02, 1.52, 8.89), Info Panel
(-6.49, 1.77, 8.46), (-5.96, 1.80, 8.81), Info Panel
(-6.49, 1.77, 8.46), (-5.93, 1.83, 8.81), Info Panel
(-6.47, 1.77, 8.44), (-5.91, 1.80, 8.72), Info Panel
(-6.46, 1.78, 8.43), (-5.94, 1.89, 8.68), Info Panel
(-6.45, 1.74, 8.46), (-4.71, 1.45, 9.74), left wall
(-6.45, 1.74, 8.46), (-4.67, 1.37, 9.74), left wall
(-6.44, 1.75, 8.46), (-5.92, 1.72, 8.76), Info Panel
(-6.50, 1.82, 8.42), (-5.97, 2.20, 8.54), Info Panel
(-6.51, 1.82, 8.42), (-5.94, 2.19, 8.52), Info Panel
(-6.48, 1.72, 8.47), (-5.99, 1.60, 8.68), Stem
(-6.46, 1.70, 8.47), (-3.61, 0.53, 9.43), Front wall
(-6.36, 1.71, 8.31), (-5.70, 1.46, 8.37), Stem
(-6.33, 1.71, 8.30), (-5.25, 1.36, 8.37), Model ship
(-6.33, 1.71, 8.30), (-5.31, 1.36, 8.41), Model ship
(-6.57, 1.72, 8.27), (-5.35, 1.36, 8.37), Model ship
(-6.57, 1.72, 8.26), (-5.36, 1.36, 8.37), Model ship
(-6.58, 1.72, 8.19), (-5.27, 1.36, 7.68), Model ship
(-6.63, 1.72, 8.12), (-5.51, 1.36, 6.53), Model ship
(-6.59, 1.71, 8.17), (-5.42, 1.36, 7.64), Model ship
(-6.60, 1.69, 8.31), (-4.86, 0.62, 9.74), left wall
(-6.54, 1.69, 8.49), (-5.00, 0.65, 9.74), left wall
(-6.40, 1.67, 8.55), (-4.11, 0.07, 9.74), left wall
(-6.12, 1.68, 8.09), (-5.55, 1.36, 8.16), Model ship
(-6.09, 1.68, 8.05), (-5.54, 1.36, 8.16), Model ship
(-6.07, 1.68, 8.06), (-5.52, 1.36, 8.18), Model ship
(-6.06, 1.68, 8.06), (-5.53, 1.36, 8.19), Model ship
(-6.07, 1.68, 8.05), (-5.53, 1.36, 8.18), Model ship
(-6.07, 1.68, 8.04), (-5.54, 1.36, 8.14), Model ship
(-6.32, 1.69, 8.09), (-3.61, 0.23, 9.53), Front wall
(-6.56, 1.70, 8.34), (-5.03, 0.80, 9.74), left wall
(-6.56, 1.70, 8.34), (-4.95, 0.80, 9.74), left wall
(-6.55, 1.72, 8.31), (-4.03, 0.94, 9.74), left wall
(-6.54, 1.67, 8.31), (-6.01, 1.30, 8.57), Info Panel
(-6.53, 1.67, 8.32), (-6.04, 1.28, 8.61), Info Panel
(-6.54, 1.67, 8.32), (-6.03, 1.27, 8.57), Info Panel
(-6.54, 1.68, 8.32), (-5.99, 1.32, 8.61), Info Panel
(-6.55, 1.66, 8.32), (-6.05, 1.25, 8.59), Info Panel
(-6.56, 1.67, 8.33), (-6.08, 1.25, 8.67), Info Panel
(-6.55, 1.66, 8.30), (-6.03, 1.23, 8.46), Info Panel
(-6.54, 1.67, 8.30), (-5.99, 1.26, 8.43), Info Panel
(-6.55, 1.69, 8.34), (-5.93, 1.38, 8.60), Info Panel
(-6.55, 1.67, 8.36), (-5.97, 1.33, 8.57), Info Panel
(-6.54, 1.68, 8.29), (-6.00, 1.31, 8.58), Info Panel
(-6.55, 1.68, 8.27), (-6.00, 1.30, 8.57), Info Panel
(-6.57, 1.69, 8.37), (-6.02, 1.33, 8.72), Info Panel
(-6.56, 1.69, 8.38), (-6.00, 1.33, 8.72), Info Panel
(-6.55, 1.68, 8.35), (-5.99, 1.31, 8.58), Info Panel
(-6.54, 1.70, 8.34), (-5.87, 1.41, 8.54), Info Panel
(-6.54, 1.69, 8.34), (-5.94, 1.34, 8.54), Info Panel
(-6.53, 1.67, 8.35), (-6.02, 1.27, 8.54), Info Panel
(-6.53, 1.67, 8.35), (-6.02, 1.27, 8.55), Info Panel
(-6.53, 1.67, 8.35), (-5.99, 1.29, 8.54), Info Panel
(-6.53, 1.71, 8.32), (-5.59, 1.36, 8.39), Model ship
(-6.53, 1.71, 8.32), (-3.61, 0.62, 8.78), Front wall
(-6.55, 1.70, 8.33), (-3.61, 0.42, 9.17), Front wall
(-6.39, 1.67, 8.55), (-4.53, 0.12, 9.74), left wall
(-6.34, 1.67, 8.41), (-5.64, 1.24, 8.40), Model ship
(-6.11, 1.68, 7.93), (-5.57, 1.36, 8.03), Model ship
(-6.04, 1.67, 7.84), (-5.56, 1.36, 7.96), Model ship
(-6.04, 1.67, 7.81), (-5.62, 1.36, 7.90), Model ship
(-6.04, 1.67, 7.80), (-5.59, 1.36, 7.83), Model ship
(-6.22, 1.67, 7.79), (-5.64, 1.31, 7.83), Model ship
(-6.50, 1.70, 8.00), (-5.64, 1.30, 8.23), Model ship
(-6.46, 1.68, 8.42), (-4.71, 0.33, 9.74), left wall
(-6.44, 1.67, 8.40), (-4.21, 0.00, 9.69), Ground
(-6.12, 1.67, 7.98), (-5.62, 1.36, 8.06), Model ship
(-5.90, 1.66, 7.61), (-5.51, 1.36, 7.69), Model ship
(-5.96, 1.66, 7.51), (-5.57, 1.36, 7.57), Model ship
(-6.16, 1.67, 7.46), (-5.63, 1.36, 7.41), Model ship
(-6.59, 1.74, 7.46), (-3.61, 1.42, 7.31), Front wall
(-6.65, 1.74, 7.50), (-3.61, 1.67, 7.20), Front wall
(-6.66, 1.70, 7.55), (-5.64, 1.32, 7.54), Model ship
(-6.67, 1.70, 7.54), (-5.64, 1.33, 7.50), Model ship
(-6.70, 1.70, 7.47), (-5.64, 1.28, 6.68), Model ship
(-6.70, 1.71, 7.48), (-5.52, 1.36, 6.60), Model ship
(-6.68, 1.70, 7.56), (-5.57, 1.36, 7.65), Model ship
(-6.68, 1.69, 7.53), (-5.64, 1.33, 7.65), Model ship
(-6.69, 1.71, 7.60), (-5.49, 1.36, 8.08), Model ship
(-6.66, 1.69, 7.45), (-5.64, 1.34, 7.77), Model ship
(-6.63, 1.71, 7.32), (-5.60, 1.36, 7.23), Model ship
(-6.64, 1.71, 7.40), (-5.47, 1.36, 7.17), Model ship
(-6.63, 1.69, 7.44), (-5.62, 1.36, 7.60), Model ship
(-6.61, 1.70, 7.29), (-5.64, 1.35, 7.13), Model ship
(-6.63, 1.69, 7.42), (-5.64, 1.34, 7.46), Model ship
(-6.63, 1.70, 7.46), (-5.63, 1.36, 7.60), Model ship
(-6.60, 1.71, 7.31), (-5.57, 1.36, 7.22), Model ship
(-6.59, 1.69, 7.38), (-5.64, 1.34, 7.29), Model ship
(-6.60, 1.70, 7.47), (-5.55, 1.36, 7.67), Model ship
(-6.61, 1.71, 7.35), (-5.45, 1.36, 7.52), Model ship
(-6.61, 1.70, 7.32), (-5.64, 1.36, 7.19), Model ship
(-6.63, 1.71, 7.46), (-5.38, 1.36, 7.46), Model ship
(-6.65, 1.70, 7.47), (-5.50, 1.36, 7.75), Model ship
(-6.65, 1.68, 7.36), (-5.64, 1.11, 7.53), Model ship
(-6.65, 1.67, 7.39), (-5.64, 0.98, 7.56), Model ship
(-6.65, 1.72, 7.40), (-5.21, 1.36, 7.56), Model ship
(-6.66, 1.72, 7.40), (-5.01, 1.36, 7.54), Model ship
(-6.66, 1.72, 7.41), (-5.17, 1.36, 7.77), Model ship
(-6.67, 1.72, 7.39), (-5.08, 1.36, 7.52), Model ship
(-6.67, 1.72, 7.39), (-4.99, 1.36, 7.55), Model ship
(-6.67, 1.72, 7.39), (-5.05, 1.36, 7.51), Model ship
(-6.68, 1.72, 7.39), (-5.03, 1.36, 7.55), Model ship
(-6.68, 1.72, 7.39), (-3.61, 1.08, 7.66), Front wall
(-6.67, 1.72, 7.39), (-5.08, 1.36, 7.49), Model ship
(-6.67, 1.72, 7.39), (-5.08, 1.36, 7.49), Model ship
(-6.68, 1.72, 7.39), (-5.15, 1.36, 7.46), Model ship
(-6.68, 1.72, 7.39), (-5.23, 1.36, 7.43), Model ship
(-6.68, 1.72, 7.39), (-5.13, 1.36, 7.48), Model ship
(-6.68, 1.72, 7.39), (-3.61, 1.09, 7.54), Front wall
(-6.67, 1.72, 7.39), (-3.61, 1.09, 7.49), Front wall
(-6.67, 1.72, 7.39), (-4.95, 1.36, 7.46), Model ship
(-6.68, 1.72, 7.39), (-3.61, 1.14, 7.51), Front wall
(-6.68, 1.72, 7.39), (-5.01, 1.36, 7.45), Model ship
(-6.68, 1.72, 7.39), (-5.09, 1.36, 7.45), Model ship
(-6.68, 1.71, 7.39), (-5.23, 1.36, 7.42), Model ship
(-6.68, 1.71, 7.39), (-5.27, 1.36, 7.42), Model ship
(-6.68, 1.72, 7.39), (-5.17, 1.36, 7.44), Model ship
(-6.68, 1.72, 7.39), (-5.14, 1.36, 7.44), Model ship
(-6.68, 1.72, 7.39), (-5.04, 1.36, 7.41), Model ship
(-6.68, 1.71, 7.38), (-5.26, 1.36, 7.33), Model ship
(-6.69, 1.72, 7.38), (-5.24, 1.36, 7.36), Model ship
(-6.69, 1.72, 7.39), (-5.23, 1.36, 7.38), Model ship
(-6.69, 1.71, 7.38), (-5.28, 1.36, 7.38), Model ship
(-6.69, 1.71, 7.38), (-5.28, 1.36, 7.39), Model ship
(-6.69, 1.72, 7.38), (-5.22, 1.36, 7.36), Model ship
(-6.69, 1.72, 7.38), (-5.22, 1.36, 7.36), Model ship
(-6.69, 1.72, 7.38), (-5.25, 1.36, 7.35), Model ship
(-6.69, 1.72, 7.38), (-5.22, 1.36, 7.36), Model ship
(-6.69, 1.72, 7.38), (-5.13, 1.36, 7.33), Model ship
(-6.69, 1.72, 7.38), (-5.03, 1.36, 7.30), Model ship
(-6.69, 1.72, 7.38), (-3.61, 1.09, 7.19), Front wall
(-6.68, 1.72, 7.38), (-5.00, 1.36, 7.30), Model ship
(-6.68, 1.72, 7.37), (-3.61, 1.10, 7.15), Front wall
(-6.67, 1.73, 7.37), (-3.61, 1.22, 7.16), Front wall
(-6.68, 1.72, 7.44), (-5.24, 1.36, 8.21), Model ship
(-6.70, 1.72, 7.47), (-4.70, 1.06, 9.74), left wall
(-6.72, 1.73, 7.44), (-5.45, 1.31, 9.74), left wall
(-6.64, 1.73, 7.81), (-5.24, 1.30, 9.74), left wall
(-6.56, 1.70, 8.29), (-5.40, 1.02, 9.74), left wall
(-6.42, 1.68, 8.51), (-5.19, 0.74, 9.74), left wall
(-6.37, 1.68, 8.58), (-4.87, 0.58, 9.74), left wall
(-6.38, 1.77, 8.47), (-3.61, 2.10, 7.91), Front wall
(-6.40, 1.76, 8.45), (-6.20, 1.78, 8.40), Ribs01-19
(-6.32, 1.69, 8.41), (-5.58, 1.36, 8.30), Model ship
(-5.97, 1.67, 8.15), (-5.44, 1.36, 8.06), Model ship
(-5.97, 1.68, 7.62), (-5.54, 1.36, 7.11), Model ship
(-6.00, 1.69, 7.18), (-5.43, 1.36, 6.57), Model ship
(-5.89, 1.68, 6.78), (-5.37, 1.36, 6.38), Model ship
(-5.86, 1.67, 6.77), (-5.39, 1.36, 6.46), Model ship
(-5.88, 1.68, 6.78), (-5.39, 1.36, 6.44), Model ship
(-5.88, 1.68, 6.87), (-5.22, 1.36, 6.82), Model ship
(-5.90, 1.66, 6.90), (-5.43, 1.36, 6.98), Model ship
(-5.82, 1.62, 6.77), (-5.49, 1.36, 6.68), Model ship
(-5.75, 1.58, 6.79), (-5.46, 1.36, 6.73), Model ship
(-5.75, 1.57, 6.86), (-5.50, 1.36, 6.84), Model ship
(-5.79, 1.59, 6.93), (-5.57, 1.36, 7.06), Model ship
(-5.79, 1.60, 6.92), (-5.58, 1.36, 7.09), Model ship
(-5.74, 1.59, 6.89), (-5.55, 1.36, 7.03), Model ship
(-5.71, 1.59, 7.02), (-5.54, 1.36, 7.17), Model ship
(-5.59, 1.58, 7.20), (-5.44, 1.36, 7.26), Model ship
(-5.58, 1.57, 7.42), (-5.44, 1.36, 7.42), Model ship
(-5.54, 1.58, 7.61), (-5.39, 1.36, 7.58), Model ship
(-5.60, 1.59, 7.84), (-5.43, 1.36, 7.79), Model ship
(-5.64, 1.62, 7.94), (-5.40, 1.36, 7.84), Model ship
(-5.67, 1.63, 7.94), (-5.40, 1.36, 7.83), Model ship
(-5.70, 1.64, 8.01), (-5.40, 1.36, 8.01), Model ship
(-5.68, 1.63, 8.00), (-5.40, 1.36, 8.02), Model ship
(-5.68, 1.63, 8.00), (-5.40, 1.36, 8.02), Model ship
(-5.68, 1.63, 8.02), (-5.40, 1.36, 8.06), Model ship
(-5.68, 1.64, 8.04), (-5.38, 1.36, 8.15), Model ship
(-5.84, 1.67, 7.91), (-5.33, 1.36, 7.74), Model ship
(-6.43, 1.75, 7.67), (-5.70, 1.82, 4.96), Right wall
(-6.52, 1.76, 7.70), (-6.31, 2.11, 4.96), Right wall
(-6.52, 1.76, 7.71), (-6.20, 2.11, 4.96), Right wall
(-6.53, 1.76, 7.71), (-5.99, 1.97, 4.96), Right wall
(-6.52, 1.75, 7.71), (-5.67, 1.82, 4.96), Right wall
(-6.43, 1.68, 7.75), (-5.31, 0.99, 6.90), Model ship
(-6.27, 1.63, 7.65), (-5.64, 0.99, 7.58), Model ship
(-6.16, 1.62, 7.69), (-5.55, 0.99, 7.80), Model ship
(-6.59, 1.68, 8.14), (-6.08, 1.20, 8.77), Keelson
(-6.53, 1.68, 8.50), (-4.77, 0.57, 9.74), left wall
(-6.43, 1.66, 8.40), (-4.19, 0.00, 9.29), Ground
(-6.17, 1.63, 7.93), (-5.51, 0.99, 7.87), Model ship
(-5.92, 1.60, 7.51), (-5.42, 0.99, 7.51), Model ship
(-5.84, 1.59, 7.45), (-5.44, 0.99, 7.48), Model ship
(-5.85, 1.59, 7.44), (-5.43, 0.99, 7.43), Model ship
(-5.85, 1.59, 7.44), (-5.43, 0.99, 7.44), Model ship
(-5.85, 1.59, 7.44), (-5.43, 0.99, 7.44), Model ship
(-6.01, 1.64, 7.94), (-5.37, 0.99, 8.34), Model ship
(-6.43, 1.68, 8.42), (-5.74, 0.91, 9.74), left wall
(-6.45, 1.66, 8.57), (-4.93, 0.37, 9.74), left wall
(-6.13, 1.63, 8.32), (-4.60, 0.00, 9.00), Ground
(-5.76, 1.59, 8.15), (-5.37, 0.99, 8.36), Model ship
(-5.76, 1.59, 8.15), (-5.37, 0.99, 8.33), Model ship
(-5.76, 1.59, 8.14), (-5.36, 0.99, 8.30), Model ship
(-5.76, 1.59, 8.13), (-5.36, 0.99, 8.25), Model ship
(-5.77, 1.59, 8.10), (-5.35, 0.99, 8.15), Model ship
(-5.78, 1.59, 8.06), (-5.35, 0.99, 8.01), Model ship
(-5.79, 1.60, 8.06), (-5.35, 0.99, 7.95), Model ship
(-5.80, 1.60, 8.04), (-5.32, 0.99, 7.96), Model ship
(-5.81, 1.60, 8.04), (-5.33, 0.99, 7.97), Model ship
(-5.82, 1.62, 8.04), (-5.22, 0.99, 7.89), Model ship
(-5.84, 1.62, 8.01), (-5.29, 0.99, 7.68), Model ship
(-5.85, 1.62, 8.01), (-5.28, 0.99, 7.65), Model ship
(-5.86, 1.62, 8.00), (-5.34, 0.99, 7.53), Model ship
(-5.88, 1.63, 8.02), (-5.26, 0.99, 7.57), Model ship
(-6.08, 1.60, 7.69), (-5.68, 0.99, 7.34), Model ship
(-6.09, 1.61, 7.40), (-5.53, 0.99, 7.20), Model ship
(-6.02, 1.60, 7.06), (-5.49, 0.99, 7.02), Model ship
(-6.00, 1.60, 6.96), (-5.49, 0.99, 6.96), Model ship
(-6.00, 1.60, 6.95), (-5.50, 0.99, 6.88), Model ship
(-6.01, 1.61, 6.91), (-5.47, 0.99, 6.65), Model ship
(-6.02, 1.61, 6.91), (-5.47, 0.99, 6.68), Model ship
(-6.01, 1.61, 6.90), (-5.48, 0.99, 6.67), Model ship
(-6.01, 1.61, 6.91), (-5.48, 0.99, 6.67), Model ship
(-6.00, 1.60, 6.91), (-5.49, 0.99, 6.70), Model ship
(-6.00, 1.61, 6.92), (-5.45, 0.99, 6.75), Model ship
(-6.00, 1.65, 7.00), (-5.06, 0.99, 7.33), Model ship
(-6.19, 1.73, 7.04), (-5.79, 1.32, 9.74), left wall
(-6.37, 1.73, 7.39), (-5.80, 1.31, 9.74), left wall
(-6.41, 1.71, 7.83), (-5.79, 1.11, 9.74), left wall
(-6.37, 1.68, 8.26), (-5.62, 0.85, 9.74), left wall
(-6.30, 1.67, 8.52), (-5.40, 0.67, 9.74), left wall
(-6.14, 1.65, 7.99), (-5.28, 0.99, 8.00), Model ship
(-6.14, 1.63, 7.46), (-5.47, 0.99, 7.17), Model ship
(-5.92, 1.60, 7.07), (-5.40, 0.99, 6.94), Model ship
(-5.81, 1.59, 6.97), (-5.36, 0.99, 6.85), Model ship
(-5.84, 1.59, 6.94), (-5.41, 0.99, 6.76), Model ship
(-5.85, 1.59, 6.94), (-5.41, 0.99, 6.76), Model ship
(-5.85, 1.59, 6.96), (-5.40, 0.99, 6.82), Model ship
(-5.85, 1.60, 6.98), (-5.39, 0.99, 6.88), Model ship
(-5.85, 1.60, 7.02), (-5.33, 0.99, 7.01), Model ship
(-5.86, 1.62, 7.07), (-5.27, 0.99, 7.19), Model ship
(-5.87, 1.62, 7.09), (-5.30, 0.99, 7.27), Model ship
(-5.89, 1.61, 7.12), (-5.37, 0.99, 7.38), Model ship
(-6.06, 1.61, 7.33), (-5.60, 0.99, 7.69), Model ship
(-6.05, 1.64, 7.34), (-5.40, 0.99, 7.85), Model ship
(-6.14, 1.65, 7.43), (-5.44, 0.99, 8.11), Model ship
(-6.02, 1.64, 7.72), (-5.32, 0.99, 8.05), Model ship
(-6.03, 1.64, 7.94), (-5.38, 0.99, 8.35), Model ship
(-6.02, 1.63, 7.94), (-5.39, 0.99, 8.30), Model ship
(-6.03, 1.63, 7.96), (-5.45, 0.99, 8.37), Model ship
(-6.27, 1.71, 8.31), (-5.86, 1.25, 9.74), left wall
(-6.30, 1.67, 8.38), (-5.48, 0.68, 9.74), left wall
(-6.31, 1.67, 8.39), (-5.95, 1.31, 8.83), Mastfish
(-6.10, 1.63, 8.01), (-5.34, 0.99, 7.88), Model ship
(-5.93, 1.60, 7.63), (-5.44, 0.99, 7.50), Model ship
(-5.89, 1.60, 7.62), (-5.41, 0.99, 7.50), Model ship
(-6.19, 1.63, 7.45), (-5.55, 0.99, 7.32), Model ship
(-6.23, 1.64, 7.47), (-5.45, 0.99, 7.44), Model ship
(-6.27, 1.65, 7.51), (-5.49, 0.99, 7.48), Model ship
(-6.22, 1.64, 7.41), (-5.47, 0.99, 7.46), Model ship
(-6.25, 1.67, 7.70), (-5.36, 0.99, 8.41), Model ship
(-6.42, 1.70, 8.19), (-5.61, 1.03, 9.74), left wall
(-6.45, 1.68, 8.54), (-5.29, 0.70, 9.74), left wall
(-6.34, 1.65, 8.26), (-5.52, 0.99, 8.43), Model ship
(-6.03, 1.64, 8.14), (-5.39, 0.99, 8.50), Model ship
(-5.91, 1.62, 8.16), (-5.42, 0.99, 8.45), Model ship
(-5.91, 1.63, 8.14), (-5.39, 0.99, 8.47), Model ship
(-5.93, 1.62, 8.10), (-5.41, 0.99, 8.40), Model ship
(-6.00, 1.62, 8.13), (-5.38, 0.99, 8.22), Model ship
(-6.04, 1.63, 8.15), (-5.35, 0.99, 8.25), Model ship
(-6.06, 1.62, 8.14), (-5.39, 0.99, 8.23), Model ship
(-6.14, 1.67, 8.25), (-5.11, 0.79, 9.74), left wall
(-6.24, 1.66, 8.39), (-5.73, 0.69, 9.74), left wall
(-6.23, 1.66, 8.39), (-5.56, 0.60, 9.74), left wall
(-6.01, 1.63, 8.09), (-5.38, 0.99, 8.31), Model ship
(-5.96, 1.66, 8.02), (-3.61, 0.09, 8.34), Front wall
(-5.99, 1.75, 8.01), (-3.61, 1.84, 8.05), Front wall
(-6.02, 1.74, 8.00), (-3.61, 1.78, 7.88), Front wall
(-5.97, 1.63, 8.05), (-5.40, 0.99, 8.38), Model ship
(-5.94, 1.61, 8.03), (-5.48, 0.99, 8.24), Model ship
(-5.96, 1.61, 8.05), (-5.50, 0.99, 8.28), Model ship
(-5.99, 1.62, 8.06), (-5.48, 0.99, 8.33), Model ship
(-6.01, 1.62, 8.07), (-5.47, 0.99, 8.36), Model ship
(-6.02, 1.63, 8.06), (-5.41, 0.99, 8.35), Model ship
(-6.23, 1.67, 8.28), (-5.49, 0.83, 9.74), left wall
(-6.24, 1.67, 8.27), (-5.51, 0.74, 9.74), left wall
(-6.25, 1.72, 8.27), (-4.81, 1.40, 9.74), left wall
(-6.23, 1.75, 8.19), (-3.61, 1.94, 8.44), Front wall
(-6.21, 1.72, 8.18), (-3.61, 1.30, 8.02), Front wall
(-6.21, 1.71, 8.18), (-3.61, 1.01, 8.26), Front wall
(-6.19, 1.68, 8.18), (-3.61, 0.47, 8.24), Front wall
(-6.13, 1.63, 8.15), (-5.45, 0.99, 8.15), Model ship
(-6.03, 1.59, 8.09), (-5.56, 0.99, 8.14), Model ship
(-6.02, 1.60, 8.09), (-5.54, 0.99, 8.07), Model ship
(-6.10, 1.62, 8.11), (-5.51, 0.99, 7.91), Model ship
(-6.14, 1.63, 8.13), (-5.48, 0.99, 7.92), Model ship
(-6.15, 1.64, 8.14), (-5.33, 0.99, 7.88), Model ship
(-6.17, 1.65, 8.12), (-5.27, 0.99, 7.55), Model ship
(-6.19, 1.67, 8.08), (-5.10, 0.99, 6.86), Model ship
(-6.20, 1.68, 8.07), (-5.14, 0.99, 6.65), Model ship
(-6.20, 1.67, 8.08), (-5.10, 0.99, 6.83), Model ship
(-6.20, 1.67, 8.09), (-5.12, 0.99, 7.08), Model ship
(-6.55, 1.67, 8.01), (-5.23, 0.99, 7.72), Model ship
(-6.86, 1.68, 7.65), (-5.37, 0.99, 7.76), Model ship
(-6.95, 1.69, 7.50), (-5.28, 0.99, 7.47), Model ship
(-6.95, 1.69, 7.49), (-5.14, 0.99, 7.39), Model ship
(-7.03, 1.73, 7.40), (-6.17, 1.59, 5.03), Ship height menu
(-7.04, 1.75, 7.44), (-5.59, 2.06, 4.96), Right wall
(-6.97, 1.72, 7.53), (-5.73, 1.52, 7.37), Model ship
(-6.84, 1.72, 7.78), (-5.73, 1.51, 7.74), Model ship
(-6.54, 1.71, 8.07), (-5.69, 1.54, 7.59), Model ship
(-6.14, 1.71, 8.25), (-5.47, 1.54, 7.27), Model ship
(-6.05, 1.71, 8.30), (-5.56, 1.54, 7.54), Model ship
(-6.03, 1.70, 8.32), (-5.54, 1.54, 7.91), Model ship
(-6.05, 1.70, 8.32), (-5.39, 1.54, 7.71), Model ship
(-6.08, 1.71, 8.29), (-5.09, 1.54, 6.79), Model ship
(-6.04, 1.71, 8.22), (-5.56, 1.54, 7.79), Model ship
(-5.98, 1.68, 8.17), (-5.70, 1.54, 8.18), Model ship
(-5.99, 1.69, 8.15), (-5.65, 1.54, 8.18), Model ship
(-5.99, 1.69, 8.10), (-5.66, 1.54, 8.01), Model ship
(-6.14, 1.69, 7.91), (-5.73, 1.53, 7.73), Model ship
(-6.33, 1.70, 7.53), (-5.73, 1.51, 7.32), Model ship
(-6.46, 1.71, 7.08), (-5.67, 1.54, 6.71), Model ship
(-6.46, 1.71, 7.06), (-5.70, 1.54, 7.18), Model ship
(-6.78, 1.70, 7.50), (-5.60, 0.82, 9.74), left wall
(-6.78, 1.71, 7.93), (-5.19, 1.11, 9.74), left wall
(-6.50, 1.69, 8.33), (-5.08, 0.79, 9.74), left wall
(-6.42, 1.69, 8.47), (-4.40, 0.46, 9.74), left wall
(-6.39, 1.71, 7.96), (-5.73, 1.54, 7.91), Model ship
(-6.20, 1.71, 7.94), (-5.64, 1.54, 8.15), Model ship
(-6.18, 1.70, 7.93), (-5.73, 1.54, 8.11), Model ship
(-6.16, 1.70, 7.91), (-5.72, 1.54, 8.07), Model ship
(-6.18, 1.70, 7.91), (-5.72, 1.54, 8.07), Model ship
(-6.19, 1.70, 7.90), (-5.72, 1.54, 8.09), Model ship
(-6.20, 1.71, 7.88), (-5.64, 1.54, 8.03), Model ship
(-6.20, 1.71, 7.88), (-5.58, 1.54, 8.01), Model ship
(-6.20, 1.71, 7.87), (-5.60, 1.54, 8.01), Model ship
(-6.21, 1.71, 7.86), (-5.55, 1.54, 7.93), Model ship
(-6.21, 1.71, 7.83), (-5.52, 1.54, 7.61), Model ship
(-6.24, 1.73, 7.89), (-5.34, 1.54, 7.23), Model ship
(-6.25, 1.70, 8.06), (-5.73, 1.43, 8.42), Model ship
(-6.35, 1.70, 8.13), (-5.67, 0.97, 9.74), left wall
(-6.38, 1.69, 8.48), (-5.55, 0.95, 9.74), left wall
(-6.36, 1.69, 8.44), (-5.54, 1.20, 9.74), left wall
(-6.45, 1.68, 8.47), (-6.79, 1.94, 9.74), left wall
(-6.43, 1.69, 8.45), (-6.49, 1.83, 9.74), left wall
(-6.41, 1.69, 8.41), (-6.35, 1.83, 9.74), left wall
(-6.42, 1.68, 8.39), (-6.38, 1.67, 9.74), left wall
(-6.40, 1.65, 8.37), (-6.02, 1.07, 9.74), left wall
(-6.42, 1.69, 8.34), (-5.93, 1.02, 9.74), left wall
(-6.40, 1.66, 8.37), (-5.70, 0.59, 9.74), left wall
(-6.38, 1.67, 8.41), (-5.59, 0.67, 9.74), left wall
(-6.22, 1.65, 8.61), (-5.58, 0.49, 9.74), left wall
(-6.19, 1.67, 8.60), (-4.70, 0.52, 9.74), left wall
(-6.24, 1.72, 8.34), (-5.61, 1.54, 8.16), Model ship
(-5.94, 1.70, 8.20), (-5.63, 1.54, 8.30), Model ship
(-5.80, 1.69, 8.17), (-5.58, 1.54, 8.25), Model ship
(-6.10, 1.72, 7.96), (-5.55, 1.54, 8.26), Model ship
(-5.99, 1.72, 7.78), (-5.55, 1.54, 8.09), Model ship
(-5.98, 1.72, 7.53), (-5.61, 1.54, 8.00), Model ship
(-6.00, 1.71, 7.48), (-5.65, 1.54, 7.88), Model ship
(-6.03, 1.72, 7.50), (-5.64, 1.54, 7.77), Model ship
(-6.05, 1.70, 7.60), (-5.67, 1.54, 7.71), Model ship
(-6.06, 1.70, 7.61), (-5.65, 1.54, 7.67), Model ship
(-6.07, 1.71, 7.60), (-5.59, 1.54, 7.61), Model ship
(-6.07, 1.70, 7.59), (-5.65, 1.54, 7.55), Model ship
(-6.08, 1.71, 7.59), (-5.62, 1.54, 7.48), Model ship
(-6.08, 1.71, 7.57), (-5.65, 1.54, 7.46), Model ship
(-6.08, 1.70, 7.55), (-5.67, 1.54, 7.39), Model ship
(-6.08, 1.70, 7.55), (-5.73, 1.53, 7.38), Model ship
(-6.09, 1.70, 7.54), (-5.73, 1.53, 7.31), Model ship
(-6.10, 1.71, 7.53), (-5.65, 1.54, 7.16), Model ship
(-6.11, 1.71, 7.53), (-5.72, 1.54, 7.18), Model ship
(-6.11, 1.71, 7.52), (-5.66, 1.54, 7.09), Model ship
(-6.11, 1.71, 7.53), (-5.62, 1.54, 7.08), Model ship
(-6.09, 1.71, 7.55), (-5.57, 1.54, 7.11), Model ship
(-6.09, 1.71, 7.52), (-5.61, 1.54, 7.06), Model ship
(-6.09, 1.71, 7.51), (-5.66, 1.54, 7.12), Model ship
(-6.27, 1.70, 7.87), (-5.73, 1.48, 8.02), Model ship
(-6.59, 1.69, 8.28), (-5.48, 0.83, 9.74), left wall
(-6.48, 1.68, 8.67), (-4.93, 0.44, 9.74), left wall
(-6.42, 1.68, 8.70), (-3.87, 0.00, 9.44), Ground
(-6.41, 1.71, 8.53), (-5.73, 1.50, 8.36), Model ship
(-6.29, 1.71, 8.18), (-5.73, 1.54, 7.78), Model ship
(-6.21, 1.72, 7.79), (-5.66, 1.54, 7.25), Model ship
(-5.99, 1.70, 7.51), (-5.60, 1.54, 7.31), Model ship
(-6.00, 1.72, 7.62), (-5.57, 1.54, 7.93), Model ship
(-6.01, 1.72, 7.59), (-5.61, 1.54, 7.91), Model ship
(-5.98, 1.72, 7.54), (-5.61, 1.54, 7.81), Model ship
(-5.90, 1.74, 7.50), (-5.54, 1.54, 8.00), Model ship
(-5.80, 1.77, 7.45), (-5.46, 1.54, 8.09), Model ship
(-5.79, 1.78, 7.46), (-5.52, 1.54, 8.02), Model ship
(-5.90, 1.78, 7.50), (-5.60, 1.54, 8.09), Model ship
(-6.02, 1.73, 7.83), (-5.71, 1.54, 8.12), Model ship
(-5.99, 1.69, 7.97), (-5.73, 1.51, 8.11), Model ship
(-6.01, 1.68, 8.05), (-5.73, 1.49, 8.16), Model ship
(-6.00, 1.69, 8.02), (-5.73, 1.53, 8.09), Model ship
(-5.99, 1.69, 7.97), (-5.70, 1.54, 7.97), Model ship
(-5.99, 1.70, 7.98), (-5.62, 1.54, 8.00), Model ship
(-6.39, 1.73, 7.95), (-5.70, 1.54, 7.46), Model ship
(-6.53, 1.75, 7.98), (-6.24, 1.82, 5.03), Ship height menu
(-6.54, 1.76, 7.99), (-6.24, 2.03, 5.03), Ship height menu
(-6.55, 1.76, 7.99), (-6.18, 2.02, 5.03), Ship height menu
(-6.55, 1.76, 7.98), (-6.08, 1.98, 4.96), Right wall
(-6.46, 1.71, 8.01), (-5.47, 1.28, 7.02), Model ship
(-6.37, 1.69, 7.96), (-5.67, 1.28, 7.82), Model ship
(-6.19, 1.68, 7.70), (-5.55, 1.28, 7.75), Model ship
(-6.20, 1.68, 7.74), (-5.59, 1.28, 7.97), Model ship
(-6.20, 1.68, 7.74), (-5.61, 1.28, 7.98), Model ship
(-6.35, 1.69, 7.99), (-5.73, 1.26, 8.47), Model ship
(-6.50, 1.70, 8.45), (-5.29, 0.80, 9.74), left wall
(-6.43, 1.68, 8.55), (-4.28, 0.09, 9.74), left wall
(-6.21, 1.68, 8.30), (-5.71, 1.38, 8.28), StanchionFront
(-6.03, 1.67, 8.23), (-5.49, 1.32, 8.15), StanchionFront
(-6.15, 1.67, 8.00), (-5.57, 1.28, 7.92), Model ship
(-6.15, 1.67, 8.02), (-5.58, 1.28, 8.02), Model ship
(-6.15, 1.67, 8.00), (-5.55, 1.28, 7.88), Model ship
(-6.18, 1.69, 7.93), (-5.51, 1.28, 7.28), Model ship
(-6.18, 1.69, 7.93), (-5.50, 1.28, 7.27), Model ship
(-6.29, 1.68, 8.42), (-3.69, 0.00, 9.74), Ground
(-6.52, 1.67, 8.63), (-4.96, 0.40, 9.74), left wall
(-6.54, 1.68, 8.49), (-5.73, 1.25, 8.47), Model ship
(-6.64, 1.70, 8.00), (-5.68, 1.28, 7.20), Model ship
(-6.41, 1.70, 7.73), (-5.49, 1.28, 7.27), Model ship
(-6.45, 1.71, 7.70), (-5.28, 1.28, 6.69), Model ship
(-6.47, 1.71, 7.69), (-5.25, 1.28, 6.49), Model ship
(-6.47, 1.71, 7.71), (-5.19, 1.28, 6.79), Model ship
(-6.47, 1.71, 7.71), (-5.30, 1.28, 6.88), Model ship
(-6.47, 1.70, 7.82), (-5.43, 1.28, 7.71), Model ship
(-6.60, 1.69, 8.38), (-5.27, 0.75, 9.74), left wall
(-6.62, 1.67, 8.47), (-5.62, 0.65, 9.74), left wall
(-6.62, 1.68, 8.49), (-5.43, 0.61, 9.74), left wall
(-6.60, 1.67, 8.52), (-5.59, 0.55, 9.74), left wall
(-6.59, 1.73, 8.46), (-3.61, 1.26, 9.23), Front wall
(-6.64, 1.78, 8.33), (-5.93, 2.00, 8.04), Mast
(-6.32, 1.69, 7.97), (-5.74, 1.40, 7.69), Mast
(-6.01, 1.68, 7.69), (-5.43, 1.28, 7.49), Model ship
(-6.03, 1.68, 7.70), (-5.37, 1.28, 7.44), Model ship
(-6.65, 1.73, 7.87), (-3.61, 1.20, 6.98), Front wall
(-6.64, 1.70, 7.88), (-5.58, 1.28, 7.63), Model ship
(-6.67, 1.70, 7.94), (-5.69, 1.28, 7.87), Model ship
(-6.91, 1.69, 8.47), (-5.52, 0.78, 9.74), left wall
(-6.62, 1.68, 8.68), (-3.81, 0.00, 9.69), Ground
(-6.52, 1.68, 8.59), (-3.61, 0.14, 8.68), Front wall
(-6.23, 1.67, 8.31), (-5.56, 1.28, 8.33), Model ship
(-5.98, 1.66, 8.17), (-5.45, 1.28, 8.26), Model ship
(-5.95, 1.66, 8.18), (-5.47, 1.28, 8.30), Model ship
(-5.89, 1.66, 7.97), (-5.50, 1.28, 8.30), Model ship
(-6.05, 1.67, 7.54), (-5.52, 1.28, 7.73), Model ship
(-6.25, 1.74, 7.38), (-5.92, 1.55, 4.96), Right wall
(-6.29, 1.76, 7.40), (-6.21, 1.84, 5.03), Ship height menu
(-6.31, 1.76, 7.39), (-6.14, 1.88, 5.03), Ship height menu
(-6.19, 1.69, 7.44), (-3.61, 0.23, 5.53), Front wall
(-6.12, 1.63, 7.52), (-5.53, 0.92, 7.88), Model ship
(-6.04, 1.63, 7.42), (-5.57, 0.92, 7.95), Model ship
(-6.01, 1.63, 7.39), (-5.49, 0.92, 7.81), Model ship
(-6.00, 1.63, 7.35), (-5.46, 0.92, 7.71), Model ship
(-6.00, 1.63, 7.33), (-5.44, 0.92, 7.63), Model ship
(-6.00, 1.62, 7.30), (-5.40, 0.92, 7.49), Model ship
(-6.00, 1.63, 7.29), (-5.38, 0.92, 7.48), Model ship
(-6.00, 1.62, 7.28), (-5.38, 0.92, 7.40), Model ship
(-6.01, 1.62, 7.28), (-5.41, 0.92, 7.35), Model ship
(-6.00, 1.62, 7.26), (-5.41, 0.92, 7.25), Model ship
(-6.01, 1.62, 7.24), (-5.39, 0.92, 7.17), Model ship
(-6.02, 1.62, 7.23), (-5.40, 0.92, 7.12), Model ship
(-6.03, 1.62, 7.21), (-5.43, 0.92, 6.97), Model ship
(-6.03, 1.62, 7.19), (-5.44, 0.92, 6.93), Model ship
(-6.03, 1.62, 7.18), (-5.44, 0.92, 6.90), Model ship
(-6.02, 1.62, 7.19), (-5.40, 0.92, 6.83), Model ship
(-6.01, 1.62, 7.19), (-5.38, 0.92, 6.81), Model ship
(-6.01, 1.62, 7.18), (-5.37, 0.92, 6.81), Model ship
(-6.00, 1.62, 7.19), (-5.35, 0.92, 6.84), Model ship
(-6.36, 1.65, 7.58), (-5.39, 0.92, 7.60), Model ship
(-6.75, 1.68, 7.94), (-5.38, 0.92, 8.42), Model ship
(-6.88, 1.70, 8.36), (-5.07, 0.73, 9.74), left wall
(-6.67, 1.68, 8.50), (-4.43, 0.14, 9.74), left wall
(-6.49, 1.66, 8.60), (-4.33, 0.00, 9.54), Ground
(-6.49, 1.65, 8.54), (-5.59, 0.92, 8.52), Model ship
(-6.22, 1.62, 8.39), (-5.61, 0.92, 8.22), Model ship
(-6.19, 1.59, 8.36), (-5.68, 0.92, 8.24), Model ship
(-6.24, 1.62, 8.40), (-5.63, 0.92, 8.15), Model ship
(-6.29, 1.64, 8.54), (-5.58, 0.92, 8.22), Model ship
(-6.32, 1.65, 8.58), (-5.53, 0.92, 8.22), Model ship
(-6.34, 1.65, 8.59), (-5.53, 0.92, 8.08), Model ship
(-6.35, 1.66, 8.59), (-5.54, 0.92, 7.94), Model ship
(-6.36, 1.66, 8.59), (-5.55, 0.92, 7.88), Model ship
(-6.35, 1.67, 8.60), (-5.41, 0.92, 7.82), Model ship
(-6.36, 1.66, 8.59), (-5.51, 0.92, 7.86), Model ship
(-6.36, 1.67, 8.58), (-5.46, 0.92, 7.79), Model ship
(-6.36, 1.66, 8.58), (-5.62, 0.92, 7.74), Model ship
(-6.37, 1.67, 8.58), (-5.49, 0.92, 7.44), Model ship
(-6.36, 1.68, 8.58), (-5.42, 0.92, 7.36), Model ship
(-6.37, 1.68, 8.56), (-5.46, 0.92, 7.40), Model ship
(-6.37, 1.67, 8.56), (-5.58, 0.92, 7.49), Model ship
(-6.38, 1.67, 8.58), (-5.57, 0.92, 7.50), Model ship
(-6.39, 1.69, 8.58), (-5.24, 0.92, 7.01), Model ship
(-6.39, 1.69, 8.58), (-5.29, 0.92, 7.09), Model ship
(-6.39, 1.69, 8.57), (-5.29, 0.92, 7.09), Model ship
(-6.67, 1.69, 8.54), (-5.39, 0.92, 7.22), Model ship
(-6.96, 1.70, 8.23), (-5.25, 0.92, 7.10), Model ship
(-7.19, 1.70, 7.83), (-5.34, 0.92, 7.04), Model ship
(-7.36, 1.70, 7.43), (-5.45, 0.92, 7.00), Model ship
(-7.40, 1.72, 7.51), (-3.93, 0.52, 9.74), left wall
(-7.45, 1.73, 7.52), (-6.06, 1.06, 9.74), left wall
(-7.40, 1.73, 7.42), (-3.61, 1.01, 7.56), Front wall
(-7.40, 1.72, 7.39), (-3.61, 0.75, 6.38), Front wall
(-7.41, 1.76, 7.43), (-3.61, 1.93, 7.67), Front wall
(-7.40, 1.74, 7.44), (-3.61, 1.51, 7.56), Front wall
(-7.40, 1.73, 7.44), (-3.61, 1.11, 7.43), Front wall
(-7.40, 1.72, 7.43), (-3.61, 0.98, 7.41), Front wall
(-4.42, 1.25, -0.18), (-2.59, 1.25, -2.02), Wall_Left (1)
(-4.42, 0.10, -0.18), (-2.59, 0.10, -2.02), Wall_Left (1)
(-4.42, 0.10, -0.18), (-2.59, 0.10, -2.02), Wall_Left (1)
(-4.42, 0.10, -0.18), (-2.59, 0.10, -2.02), Wall_Left (1)
(-4.42, 0.10, -0.18), (-2.59, 0.10, -2.02), Wall_Left (1)
(-4.42, 0.10, -0.18), (-2.59, 0.10, -2.02), Wall_Left (1)
(-4.42, 0.10, -0.18), (-2.59, 0.10, -2.02), Wall_Left (1)
(-4.42, 0.10, -0.18), (-2.59, 0.10, -2.02), Wall_Left (1)
(-4.42, 0.10, -0.18), (-2.59, 0.10, -2.02), Wall_Left (1)
(-4.42, 0.10, -0.18), (-2.59, 0.10, -2.02), Wall_Left (1)
(-4.42, 0.10, -0.18), (-2.59, 0.10, -2.02), Wall_Left (1)
(-4.42, 0.10, -0.18), (-2.59, 0.10, -2.02), Wall_Left (1)
(-4.42, 0.10, -0.18), (-2.59, 0.10, -2.02), Wall_Left (1)
(-4.42, 0.10, -0.18), (-2.59, 0.10, -2.02), Wall_Left (1)
(-4.42, 0.10, -0.18), (-2.59, 0.10, -2.02), Wall_Left (1)
(-4.42, 0.10, -0.18), (-2.59, 0.10, -2.02), Wall_Left (1)
(-4.42, 0.10, -0.18), (-2.59, 0.10, -2.02), Wall_Left (1)
(-4.42, 0.10, -0.18), (-2.59, 0.10, -2.02), Wall_Left (1)
(-4.42, 0.10, -0.18), (-2.59, 0.10, -2.02), Wall_Left (1)
(-4.42, 0.10, -0.18), (-2.59, 0.10, -2.02), Wall_Left (1)
(-4.42, 0.10, -0.18), (-2.59, 0.10, -2.02), Wall_Left (1)
(-4.42, 0.10, -0.18), (-2.59, 0.10, -2.02), Wall_Left (1)
(-4.42, 0.10, -0.18), (-2.59, 0.10, -2.02), Wall_Left (1)
(-4.42, 0.10, -0.18), (-2.59, 0.10, -2.02), Wall_Left (1)
(-4.42, 0.10, -0.18), (-2.59, 0.10, -2.02), Wall_Left (1)
(-4.42, 0.10, -0.18), (-2.59, 0.10, -2.02), Wall_Left (1)
(-4.42, 0.10, -0.18), (-2.59, 0.10, -2.02), Wall_Left (1)
(-4.42, 0.10, -0.18), (-2.59, 0.10, -2.02), Wall_Left (1)
(-4.42, 0.10, -0.18), (-2.59, 0.10, -2.02), Wall_Left (1)
(-4.42, 0.10, -0.18), (-2.59, 0.10, -2.02), Wall_Left (1)
(-4.42, 0.10, -0.18), (-2.59, 0.10, -2.02), Wall_Left (1)
(-4.42, 0.10, -0.18), (-2.59, 0.10, -2.02), Wall_Left (1)
(-4.42, 0.10, -0.18), (-2.59, 0.10, -2.02), Wall_Left (1)
(-4.42, 0.10, -0.18), (-2.59, 0.10, -2.02), Wall_Left (1)
(-4.42, 0.10, -0.18), (-2.59, 0.10, -2.02), Wall_Left (1)
(-4.42, 0.10, -0.18), (-2.59, 0.10, -2.02), Wall_Left (1)
(-4.42, 0.10, -0.18), (-2.59, 0.10, -2.02), Wall_Left (1)
(-4.42, 0.10, -0.18), (-2.59, 0.10, -2.02), Wall_Left (1)
(-4.42, 0.10, -0.18), (-2.59, 0.10, -2.02), Wall_Left (1)
(-4.42, 0.10, -0.18), (-2.59, 0.10, -2.02), Wall_Left (1)
(-4.42, 0.10, -0.18), (-2.59, 0.10, -2.02), Wall_Left (1)
(-4.42, 0.10, -0.18), (-2.59, 0.10, -2.02), Wall_Left (1)
(-4.42, 0.10, -0.18), (-2.59, 0.10, -2.02), Wall_Left (1)
(-4.42, 0.10, -0.18), (-2.59, 0.10, -2.02), Wall_Left (1)
(-4.42, 0.10, -0.18), (-2.59, 0.10, -2.02), Wall_Left (1)
(-4.42, 0.10, -0.18), (-2.59, 0.10, -2.02), Wall_Left (1)
(-4.42, 0.10, -0.18), (-2.59, 0.10, -2.02), Wall_Left (1)
(-4.42, 0.10, -0.18), (-2.59, 0.10, -2.02), Wall_Left (1)
(-4.42, 0.10, -0.18), (-2.59, 0.10, -2.02), Wall_Left (1)
(-4.42, 1.25, -0.18), (-2.59, 1.25, -2.02), Wall_Left (1)
(-4.42, 0.10, -0.18), (-2.59, 0.10, -2.02), Wall_Left (1)
(-4.42, 0.10, -0.18), (-2.59, 0.10, -2.02), Wall_Left (1)
(-4.42, 0.10, -0.18), (-2.59, 0.10, -2.02), Wall_Left (1)
(-4.42, 0.10, -0.18), (-2.59, 0.10, -2.02), Wall_Left (1)
(-4.42, 1.25, -0.18), (-2.59, 1.25, -2.02), Wall_Left (1)
(-4.42, 0.10, -0.18), (-2.59, 0.10, -2.02), Wall_Left (1)
(-4.42, 0.10, -0.18), (-2.59, 0.10, -2.02), Wall_Left (1)
(-4.42, 0.10, -0.18), (-2.59, 0.10, -2.02), Wall_Left (1)
(-4.42, 0.10, -0.18), (-2.59, 0.10, -2.02), Wall_Left (1)
(-4.42, 0.10, -0.18), (-2.59, 0.10, -2.02), Wall_Left (1)
(-4.42, 0.10, -0.18), (-2.59, 0.10, -2.02), Wall_Left (1)
(-4.42, 0.10, -0.18), (-2.59, 0.10, -2.02), Wall_Left (1)
(-4.42, 0.10, -0.18), (-2.59, 0.10, -2.02), Wall_Left (1)
(-4.42, 0.10, -0.18), (-2.59, 0.10, -2.02), Wall_Left (1)
(-4.42, 0.10, -0.18), (-2.59, 0.10, -2.02), Wall_Left (1)
(-4.42, 0.10, -0.18), (-2.59, 0.10, -2.02), Wall_Left (1)
(-4.42, 0.10, -0.18), (-2.59, 0.10, -2.02), Wall_Left (1)
(-4.42, 0.10, -0.18), (-2.59, 0.10, -2.02), Wall_Left (1)
(-4.42, 0.10, -0.18), (-2.59, 0.10, -2.02), Wall_Left (1)
(-4.42, 0.10, -0.18), (-2.59, 0.10, -2.02), Wall_Left (1)
(-4.42, 0.10, -0.18), (-2.59, 0.10, -2.02), Wall_Left (1)
(-4.42, 0.10, -0.18), (-2.59, 0.10, -2.02), Wall_Left (1)
(-4.42, 0.10, -0.18), (-2.59, 0.10, -2.02), Wall_Left (1)
(-4.42, 0.10, -0.18), (-2.59, 0.10, -2.02), Wall_Left (1)
(-4.42, 0.10, -0.18), (-2.59, 0.10, -2.02), Wall_Left (1)
(-4.42, 0.10, -0.18), (-2.59, 0.10, -2.02), Wall_Left (1)
(-4.42, 0.10, -0.18), (-2.59, 0.10, -2.02), Wall_Left (1)
(-4.42, 0.10, -0.18), (-2.59, 0.10, -2.02), Wall_Left (1)
(-4.42, 0.10, -0.18), (-2.59, 0.10, -2.02), Wall_Left (1)
(-4.42, 0.10, -0.18), (-2.59, 0.10, -2.02), Wall_Left (1)
(-4.42, 0.10, -0.18), (-2.59, 0.10, -2.02), Wall_Left (1)
(-4.42, 0.10, -0.18), (-2.59, 0.10, -2.02), Wall_Left (1)
(-4.42, 0.10, -0.18), (-2.59, 0.10, -2.02), Wall_Left (1)
(-4.42, 0.10, -0.18), (-2.59, 0.10, -2.02), Wall_Left (1)
(-4.42, 0.10, -0.18), (-2.59, 0.10, -2.02), Wall_Left (1)
(-4.42, 0.10, -0.18), (-2.59, 0.10, -2.02), Wall_Left (1)
(-4.42, 0.10, -0.18), (-2.59, 0.10, -2.02), Wall_Left (1)
(-4.42, 0.10, -0.18), (-2.59, 0.10, -2.02), Wall_Left (1)
(-4.42, 0.10, -0.18), (-2.59, 0.10, -2.02), Wall_Left (1)
(-4.42, 0.10, -0.18), (-2.59, 0.10, -2.02), Wall_Left (1)
(-4.42, 0.10, -0.18), (-2.59, 0.10, -2.02), Wall_Left (1)
(-4.42, 0.10, -0.18), (-2.59, 0.10, -2.02), Wall_Left (1)
(-4.42, 0.10, -0.18), (-2.59, 0.10, -2.02), Wall_Left (1)
(-4.42, 0.10, -0.18), (-2.59, 0.10, -2.02), Wall_Left (1)
(-4.42, 0.10, -0.18), (-2.59, 0.10, -2.02), Wall_Left (1)
(-4.42, 0.10, -0.18), (-2.59, 0.10, -2.02), Wall_Left (1)
(-4.42, 0.10, -0.18), (-2.59, 0.10, -2.02), Wall_Left (1)
(-4.42, 0.10, -0.18), (-2.59, 0.10, -2.02), Wall_Left (1)
(-4.42, 0.10, -0.18), (-2.59, 0.10, -2.02), Wall_Left (1)
(-4.42, 0.10, -0.18), (-2.59, 0.10, -2.02), Wall_Left (1)
(-4.42, 0.10, -0.18), (-2.59, 0.10, -2.02), Wall_Left (1)
(-4.42, 0.10, -0.18), (-2.59, 0.10, -2.02), Wall_Left (1)
(-4.42, 0.10, -0.18), (-2.59, 0.10, -2.02), Wall_Left (1)
(-4.42, 0.10, -0.18), (-2.59, 0.10, -2.02), Wall_Left (1)
(-4.42, 0.10, -0.18), (-2.59, 0.10, -2.02), Wall_Left (1)
(-4.42, 0.10, -0.18), (-2.59, 0.10, -2.02), Wall_Left (1)
(-4.42, 0.10, -0.18), (-2.59, 0.10, -2.02), Wall_Left (1)
(-4.42, 0.10, -0.18), (-2.59, 0.10, -2.02), Wall_Left (1)
(-4.42, 0.10, -0.18), (-2.59, 0.10, -2.02), Wall_Left (1)
(-4.42, 0.10, -0.18), (-2.59, 0.10, -2.02), Wall_Left (1)
(-4.42, 0.10, -0.18), (-2.59, 0.10, -2.02), Wall_Left (1)
(-4.42, 0.10, -0.18), (-2.59, 0.10, -2.02), Wall_Left (1)
(-4.42, 0.10, -0.18), (-2.59, 0.10, -2.02), Wall_Left (1)
(-4.42, 0.10, -0.18), (-2.59, 0.10, -2.02), Wall_Left (1)
(-4.42, 1.25, -0.18), (-2.59, 1.25, -2.02), Wall_Left (1)
(-4.42, 0.10, -0.18), (-2.59, 0.10, -2.02), Wall_Left (1)
(-4.42, 0.10, -0.18), (-2.59, 0.10, -2.02), Wall_Left (1)
(-4.42, 0.10, -0.18), (-2.59, 0.10, -2.02), Wall_Left (1)
(-4.42, 0.10, -0.18), (-2.59, 0.10, -2.02), Wall_Left (1)
(-4.42, 0.10, -0.18), (-2.59, 0.10, -2.02), Wall_Left (1)
(-4.42, 0.10, -0.18), (-2.59, 0.10, -2.02), Wall_Left (1)
(-4.42, 0.10, -0.18), (-2.59, 0.10, -2.02), Wall_Left (1)
(-4.42, 0.10, -0.18), (-2.59, 0.10, -2.02), Wall_Left (1)
(-4.42, 0.10, -0.18), (-2.59, 0.10, -2.02), Wall_Left (1)
(-4.42, 0.10, -0.18), (-2.59, 0.10, -2.02), Wall_Left (1)
(-4.42, 0.10, -0.18), (-2.59, 0.10, -2.02), Wall_Left (1)
(-4.42, 0.10, -0.18), (-2.59, 0.10, -2.02), Wall_Left (1)
(-4.42, 0.10, -0.18), (-2.59, 0.10, -2.02), Wall_Left (1)
(-4.42, 0.10, -0.18), (-2.59, 0.10, -2.02), Wall_Left (1)
(-4.42, 0.10, -0.18), (-2.59, 0.10, -2.02), Wall_Left (1)
(-4.42, 0.10, -0.18), (-2.59, 0.10, -2.02), Wall_Left (1)
(-4.42, 0.10, -0.18), (-2.59, 0.10, -2.02), Wall_Left (1)
(-4.42, 0.10, -0.18), (-2.59, 0.10, -2.02), Wall_Left (1)
(-4.42, 0.10, -0.18), (-2.59, 0.10, -2.02), Wall_Left (1)
(-4.42, 0.10, -0.18), (-2.59, 0.10, -2.02), Wall_Left (1)
(-4.42, 0.10, -0.18), (-2.59, 0.10, -2.02), Wall_Left (1)
(-4.42, 0.10, -0.18), (-2.59, 0.10, -2.02), Wall_Left (1)
(-4.42, 0.10, -0.18), (-2.59, 0.10, -2.02), Wall_Left (1)
(-4.42, 0.10, -0.18), (-2.59, 0.10, -2.02), Wall_Left (1)
(-4.42, 0.10, -0.18), (-2.59, 0.10, -2.02), Wall_Left (1)
(-4.42, 0.10, -0.18), (-2.59, 0.10, -2.02), Wall_Left (1)
(-4.42, 0.10, -0.18), (-2.59, 0.10, -2.02), Wall_Left (1)
(-4.42, 0.10, -0.18), (-2.59, 0.10, -2.02), Wall_Left (1)
(-4.42, 0.10, -0.18), (-2.59, 0.10, -2.02), Wall_Left (1)
(-4.42, 0.10, -0.18), (-2.59, 0.10, -2.02), Wall_Left (1)
(-4.42, 0.10, -0.18), (-2.59, 0.10, -2.02), Wall_Left (1)
(-4.42, 0.10, -0.18), (-2.59, 0.10, -2.02), Wall_Left (1)
(-4.42, 0.10, -0.18), (-2.59, 0.10, -2.02), Wall_Left (1)
(-4.42, 0.10, -0.18), (-2.59, 0.10, -2.02), Wall_Left (1)
(-4.42, 0.10, -0.18), (-2.59, 0.10, -2.02), Wall_Left (1)
(-4.42, 0.10, -0.18), (-2.59, 0.10, -2.02), Wall_Left (1)
(-4.42, 0.10, -0.18), (-2.59, 0.10, -2.02), Wall_Left (1)
(-4.42, 0.10, -0.18), (-2.59, 0.10, -2.02), Wall_Left (1)
(-4.42, 0.10, -0.18), (-2.59, 0.10, -2.02), Wall_Left (1)
(-4.42, 0.10, -0.18), (-2.59, 0.10, -2.02), Wall_Left (1)
(-4.42, 0.10, -0.18), (-2.59, 0.10, -2.02), Wall_Left (1)
(-4.42, 0.10, -0.18), (-2.59, 0.10, -2.02), Wall_Left (1)
(-4.42, 0.10, -0.18), (-2.59, 0.10, -2.02), Wall_Left (1)
(-4.42, 0.10, -0.18), (-2.59, 0.10, -2.02), Wall_Left (1)
(-4.42, 0.10, -0.18), (-2.59, 0.10, -2.02), Wall_Left (1)
(-4.42, 0.10, -0.18), (-2.59, 0.10, -2.02), Wall_Left (1)
(-4.42, 0.10, -0.18), (-2.59, 0.10, -2.02), Wall_Left (1)
(-4.42, 0.10, -0.18), (-2.59, 0.10, -2.02), Wall_Left (1)
(-4.42, 0.10, -0.18), (-2.59, 0.10, -2.02), Wall_Left (1)
(-4.42, 0.10, -0.18), (-2.59, 0.10, -2.02), Wall_Left (1)
(-4.42, 0.10, -0.18), (-2.59, 0.10, -2.02), Wall_Left (1)
(-4.42, 0.10, -0.18), (-2.59, 0.10, -2.02), Wall_Left (1)
(-4.42, 0.10, -0.18), (-2.59, 0.10, -2.02), Wall_Left (1)
(-4.42, 0.10, -0.18), (-2.59, 0.10, -2.02), Wall_Left (1)
(-4.42, 0.10, -0.18), (-2.59, 0.10, -2.02), Wall_Left (1)
(-4.42, 0.10, -0.18), (-2.59, 0.10, -2.02), Wall_Left (1)
(-4.42, 0.10, -0.18), (-2.59, 0.10, -2.02), Wall_Left (1)
(-4.42, 0.10, -0.18), (-2.59, 0.10, -2.02), Wall_Left (1)
(-4.42, 0.10, -0.18), (-2.59, 0.10, -2.02), Wall_Left (1)
(-4.42, 0.10, -0.18), (-2.59, 0.10, -2.02), Wall_Left (1)
(-4.42, 0.10, -0.18), (-2.59, 0.10, -2.02), Wall_Left (1)
(-4.42, 0.10, -0.18), (-2.59, 0.10, -2.02), Wall_Left (1)
(-4.42, 0.10, -0.18), (-2.59, 0.10, -2.02), Wall_Left (1)
(-4.42, 0.10, -0.18), (-2.59, 0.10, -2.02), Wall_Left (1)
(-4.42, 0.10, -0.18), (-2.59, 0.10, -2.02), Wall_Left (1)
(-4.42, 0.10, -0.18), (-2.59, 0.10, -2.02), Wall_Left (1)
(-4.42, 0.10, -0.18), (-2.59, 0.10, -2.02), Wall_Left (1)
(-4.42, 0.10, -0.18), (-2.59, 0.10, -2.02), Wall_Left (1)
(-4.42, 0.10, -0.18), (-2.59, 0.10, -2.02), Wall_Left (1)
(-4.42, 0.10, -0.18), (-2.59, 0.10, -2.02), Wall_Left (1)
(-4.42, 0.10, -0.18), (-2.59, 0.10, -2.02), Wall_Left (1)
(-4.42, 0.10, -0.18), (-2.59, 0.10, -2.02), Wall_Left (1)
(-4.42, 0.10, -0.18), (-2.59, 0.10, -2.02), Wall_Left (1)
(-4.42, 0.10, -0.18), (-2.59, 0.10, -2.02), Wall_Left (1)
(-4.42, 0.10, -0.18), (-2.59, 0.10, -2.02), Wall_Left (1)
(-4.42, 0.10, -0.18), (-2.59, 0.10, -2.02), Wall_Left (1)
(-4.42, 0.10, -0.18), (-2.59, 0.10, -2.02), Wall_Left (1)
(-4.42, 0.10, -0.18), (-2.59, 0.10, -2.02), Wall_Left (1)
(-4.42, 0.10, -0.18), (-2.59, 0.10, -2.02), Wall_Left (1)
(-4.42, 0.10, -0.18), (-2.59, 0.10, -2.02), Wall_Left (1)
(-4.42, 0.10, -0.18), (-2.59, 0.10, -2.02), Wall_Left (1)
(-4.42, 0.10, -0.18), (-2.59, 0.10, -2.02), Wall_Left (1)
(-4.42, 0.10, -0.18), (-2.59, 0.10, -2.02), Wall_Left (1)
(-4.42, 0.10, -0.18), (-2.59, 0.10, -2.02), Wall_Left (1)
(-4.42, 0.10, -0.18), (-2.59, 0.10, -2.02), Wall_Left (1)
(-4.42, 0.10, -0.18), (-2.59, 0.10, -2.02), Wall_Left (1)
(-4.42, 0.10, -0.18), (-2.59, 0.10, -2.02), Wall_Left (1)
(-4.42, 0.10, -0.18), (-2.59, 0.10, -2.02), Wall_Left (1)
(-4.42, 0.10, -0.18), (-2.59, 0.10, -2.02), Wall_Left (1)
(-4.42, 0.10, -0.18), (-2.59, 0.10, -2.02), Wall_Left (1)
(-4.42, 0.10, -0.18), (-2.59, 0.10, -2.02), Wall_Left (1)
(-4.42, 0.10, -0.18), (-2.59, 0.10, -2.02), Wall_Left (1)
(-4.42, 0.10, -0.18), (-2.59, 0.10, -2.02), Wall_Left (1)
(-4.42, 0.10, -0.18), (-2.59, 0.10, -2.02), Wall_Left (1)
(-4.42, 0.10, -0.18), (-2.59, 0.10, -2.02), Wall_Left (1)
(-4.42, 0.10, -0.18), (-2.59, 0.10, -2.02), Wall_Left (1)
(-4.42, 0.10, -0.18), (-2.59, 0.10, -2.02), Wall_Left (1)
(-4.42, 0.10, -0.18), (-2.59, 0.10, -2.02), Wall_Left (1)
(-4.42, 0.10, -0.18), (-2.59, 0.10, -2.02), Wall_Left (1)
(-4.42, 0.10, -0.18), (-2.59, 0.10, -2.02), Wall_Left (1)
(-4.42, 0.10, -0.18), (-2.59, 0.10, -2.02), Wall_Left (1)
(-4.42, 0.10, -0.18), (-2.59, 0.10, -2.02), Wall_Left (1)
(-4.42, 0.10, -0.18), (-2.59, 0.10, -2.02), Wall_Left (1)
(-4.42, 0.10, -0.18), (-2.59, 0.10, -2.02), Wall_Left (1)
(-4.42, 0.10, -0.18), (-2.59, 0.10, -2.02), Wall_Left (1)
(-4.42, 0.10, -0.18), (-2.59, 0.10, -2.02), Wall_Left (1)
(-4.42, 0.10, -0.18), (-2.59, 0.10, -2.02), Wall_Left (1)
(-4.42, 0.10, -0.18), (-2.59, 0.10, -2.02), Wall_Left (1)
(-4.42, 0.10, -0.18), (-2.59, 0.10, -2.02), Wall_Left (1)
(-4.42, 0.10, -0.18), (-2.59, 0.10, -2.02), Wall_Left (1)
(-4.42, 0.10, -0.18), (-2.59, 0.10, -2.02), Wall_Left (1)
(-4.42, 0.10, -0.18), (-2.59, 0.10, -2.02), Wall_Left (1)
(-4.42, 0.10, -0.18), (-2.59, 0.10, -2.02), Wall_Left (1)
(-4.42, 0.10, -0.18), (-2.59, 0.10, -2.02), Wall_Left (1)
(-4.42, 0.10, -0.18), (-2.59, 0.10, -2.02), Wall_Left (1)
(-4.42, 1.25, -0.18), (-2.59, 1.25, -2.02), Wall_Left (1)
(-4.42, 0.10, -0.18), (-2.59, 0.10, -2.02), Wall_Left (1)
(-4.42, 0.10, -0.18), (-2.59, 0.10, -2.02), Wall_Left (1)
(-4.42, 0.10, -0.18), (-2.59, 0.10, -2.02), Wall_Left (1)
(-4.42, 0.10, -0.18), (-2.59, 0.10, -2.02), Wall_Left (1)
(-4.42, 0.10, -0.18), (-2.59, 0.10, -2.02), Wall_Left (1)
(-4.42, 0.10, -0.18), (-2.59, 0.10, -2.02), Wall_Left (1)
(-4.42, 0.10, -0.18), (-2.59, 0.10, -2.02), Wall_Left (1)
(-4.42, 0.10, -0.18), (-2.59, 0.10, -2.02), Wall_Left (1)
(-4.42, 0.10, -0.18), (-2.59, 0.10, -2.02), Wall_Left (1)
(-4.42, 0.10, -0.18), (-2.59, 0.10, -2.02), Wall_Left (1)
(-4.42, 0.10, -0.18), (-2.59, 0.10, -2.02), Wall_Left (1)
(-4.42, 0.10, -0.18), (-2.59, 0.10, -2.02), Wall_Left (1)
(-4.42, 0.10, -0.18), (-2.59, 0.10, -2.02), Wall_Left (1)
(-4.42, 0.10, -0.18), (-2.59, 0.10, -2.02), Wall_Left (1)
(-4.42, 0.10, -0.18), (-2.59, 0.10, -2.02), Wall_Left (1)
(-4.42, 0.10, -0.18), (-2.59, 0.10, -2.02), Wall_Left (1)
(-4.42, 0.10, -0.18), (-2.59, 0.10, -2.02), Wall_Left (1)
(-4.42, 0.10, -0.18), (-2.59, 0.10, -2.02), Wall_Left (1)
(-4.42, 0.10, -0.18), (-2.59, 0.10, -2.02), Wall_Left (1)
(-4.42, 0.10, -0.18), (-2.59, 0.10, -2.02), Wall_Left (1)
(-4.42, 0.10, -0.18), (-2.59, 0.10, -2.02), Wall_Left (1)
(-4.42, 0.10, -0.18), (-2.59, 0.10, -2.02), Wall_Left (1)
(-4.42, 0.10, -0.18), (-2.59, 0.10, -2.02), Wall_Left (1)
(-4.42, 0.10, -0.18), (-2.59, 0.10, -2.02), Wall_Left (1)
(-4.42, 0.10, -0.18), (-2.59, 0.10, -2.02), Wall_Left (1)
(-4.42, 0.10, -0.18), (-2.59, 0.10, -2.02), Wall_Left (1)
(-4.42, 0.10, -0.18), (-2.59, 0.10, -2.02), Wall_Left (1)
(-4.42, 0.10, -0.18), (-2.59, 0.10, -2.02), Wall_Left (1)
(-4.42, 0.10, -0.18), (-2.59, 0.10, -2.02), Wall_Left (1)
(-4.42, 0.10, -0.18), (-2.59, 0.10, -2.02), Wall_Left (1)
(-4.42, 0.10, -0.18), (-2.59, 0.10, -2.02), Wall_Left (1)
(-4.42, 0.10, -0.18), (-2.59, 0.10, -2.02), Wall_Left (1)
(-4.42, 0.10, -0.18), (-2.59, 0.10, -2.02), Wall_Left (1)
(-4.42, 0.10, -0.18), (-2.59, 0.10, -2.02), Wall_Left (1)
(-4.42, 0.10, -0.18), (-2.59, 0.10, -2.02), Wall_Left (1)
(-4.42, 0.10, -0.18), (-2.59, 0.10, -2.02), Wall_Left (1)
(-4.42, 0.10, -0.18), (-2.59, 0.10, -2.02), Wall_Left (1)
(-4.42, 0.10, -0.18), (-2.59, 0.10, -2.02), Wall_Left (1)
(-4.42, 0.10, -0.18), (-2.59, 0.10, -2.02), Wall_Left (1)
(-4.42, 0.10, -0.18), (-2.59, 0.10, -2.02), Wall_Left (1)
(-4.42, 0.10, -0.18), (-2.59, 0.10, -2.02), Wall_Left (1)
(-4.42, 0.10, -0.18), (-2.59, 0.10, -2.02), Wall_Left (1)
(-4.42, 0.10, -0.18), (-2.59, 0.10, -2.02), Wall_Left (1)
(-4.42, 0.10, -0.18), (-2.59, 0.10, -2.02), Wall_Left (1)
(-4.42, 0.10, -0.18), (-2.59, 0.10, -2.02), Wall_Left (1)
(-4.42, 0.10, -0.18), (-2.59, 0.10, -2.02), Wall_Left (1)
(-4.42, 0.10, -0.18), (-2.59, 0.10, -2.02), Wall_Left (1)
(-4.42, 0.10, -0.18), (-2.59, 0.10, -2.02), Wall_Left (1)
(-4.42, 0.10, -0.18), (-2.59, 0.10, -2.02), Wall_Left (1)
(-4.42, 0.10, -0.18), (-2.59, 0.10, -2.02), Wall_Left (1)
(-4.42, 0.10, -0.18), (-2.59, 0.10, -2.02), Wall_Left (1)
(-4.42, 0.10, -0.18), (-2.59, 0.10, -2.02), Wall_Left (1)
(-4.42, 0.10, -0.18), (-2.59, 0.10, -2.02), Wall_Left (1)
(-4.42, 0.10, -0.18), (-2.59, 0.10, -2.02), Wall_Left (1)
(-4.42, 0.10, -0.18), (-2.59, 0.10, -2.02), Wall_Left (1)
(-4.42, 0.10, -0.18), (-2.59, 0.10, -2.02), Wall_Left (1)
(-4.42, 0.10, -0.18), (-2.59, 0.10, -2.02), Wall_Left (1)
(-4.42, 0.10, -0.18), (-2.59, 0.10, -2.02), Wall_Left (1)
(-4.42, 0.10, -0.18), (-2.59, 0.10, -2.02), Wall_Left (1)
(-4.42, 0.10, -0.18), (-2.59, 0.10, -2.02), Wall_Left (1)
(-4.42, 0.10, -0.18), (-2.59, 0.10, -2.02), Wall_Left (1)
(-4.42, 0.10, -0.18), (-2.59, 0.10, -2.02), Wall_Left (1)
(-4.42, 0.10, -0.18), (-2.59, 0.10, -2.02), Wall_Left (1)
(-4.42, 0.10, -0.18), (-2.59, 0.10, -2.02), Wall_Left (1)
(-4.42, 0.10, -0.18), (-2.59, 0.10, -2.02), Wall_Left (1)
(-4.42, 0.10, -0.18), (-2.59, 0.10, -2.02), Wall_Left (1)
(-4.42, 0.10, -0.18), (-2.59, 0.10, -2.02), Wall_Left (1)
(-4.42, 0.10, -0.18), (-2.59, 0.10, -2.02), Wall_Left (1)
(-4.42, 0.10, -0.18), (-2.59, 0.10, -2.02), Wall_Left (1)
(-4.42, 0.10, -0.18), (-2.59, 0.10, -2.02), Wall_Left (1)
(-4.42, 0.10, -0.18), (-2.59, 0.10, -2.02), Wall_Left (1)
(-4.42, 0.10, -0.18), (-2.59, 0.10, -2.02), Wall_Left (1)
(-4.42, 0.10, -0.18), (-2.59, 0.10, -2.02), Wall_Left (1)
(-4.42, 0.10, -0.18), (-2.59, 0.10, -2.02), Wall_Left (1)
(-4.42, 0.10, -0.18), (-2.59, 0.10, -2.02), Wall_Left (1)
(-4.42, 0.10, -0.18), (-2.59, 0.10, -2.02), Wall_Left (1)
(-4.42, 0.10, -0.18), (-2.59, 0.10, -2.02), Wall_Left (1)
(-4.42, 0.10, -0.18), (-2.59, 0.10, -2.02), Wall_Left (1)
(-4.42, 0.10, -0.18), (-2.59, 0.10, -2.02), Wall_Left (1)
(-4.42, 0.10, -0.18), (-2.59, 0.10, -2.02), Wall_Left (1)
(-4.42, 0.10, -0.18), (-2.59, 0.10, -2.02), Wall_Left (1)
(-4.42, 0.10, -0.18), (-2.59, 0.10, -2.02), Wall_Left (1)
(-4.42, 0.10, -0.18), (-2.59, 0.10, -2.02), Wall_Left (1)
(-4.42, 0.10, -0.18), (-2.59, 0.10, -2.02), Wall_Left (1)
(-4.42, 0.10, -0.18), (-2.59, 0.10, -2.02), Wall_Left (1)
(-4.42, 0.10, -0.18), (-2.59, 0.10, -2.02), Wall_Left (1)
(-4.42, 0.10, -0.18), (-2.59, 0.10, -2.02), Wall_Left (1)
(-4.42, 0.10, -0.18), (-2.59, 0.10, -2.02), Wall_Left (1)
(-4.42, 0.10, -0.18), (-2.59, 0.10, -2.02), Wall_Left (1)
(-4.42, 0.10, -0.18), (-2.59, 0.10, -2.02), Wall_Left (1)
(-4.42, 0.10, -0.18), (-2.59, 0.10, -2.02), Wall_Left (1)
(-4.42, 0.10, -0.18), (-2.59, 0.10, -2.02), Wall_Left (1)
(-4.42, 0.10, -0.18), (-2.59, 0.10, -2.02), Wall_Left (1)
(-4.42, 0.10, -0.18), (-2.59, 0.10, -2.02), Wall_Left (1)
(-4.42, 0.10, -0.18), (-2.59, 0.10, -2.02), Wall_Left (1)
(-4.42, 0.10, -0.18), (-2.59, 0.10, -2.02), Wall_Left (1)
(-4.42, 0.10, -0.18), (-2.59, 0.10, -2.02), Wall_Left (1)
(-4.42, 0.10, -0.18), (-2.59, 0.10, -2.02), Wall_Left (1)
(-4.42, 0.10, -0.18), (-2.59, 0.10, -2.02), Wall_Left (1)
(-4.42, 0.10, -0.18), (-2.59, 0.10, -2.02), Wall_Left (1)
(-4.42, 0.10, -0.18), (-2.59, 0.10, -2.02), Wall_Left (1)
(-4.42, 0.10, -0.18), (-2.59, 0.10, -2.02), Wall_Left (1)
(-4.42, 0.10, -0.18), (-2.59, 0.10, -2.02), Wall_Left (1)
(-4.42, 0.10, -0.18), (-2.59, 0.10, -2.02), Wall_Left (1)
(-4.42, 0.10, -0.18), (-2.59, 0.10, -2.02), Wall_Left (1)
(-4.42, 0.10, -0.18), (-2.59, 0.10, -2.02), Wall_Left (1)
(-4.42, 0.10, -0.18), (-2.59, 0.10, -2.02), Wall_Left (1)
(-4.42, 0.10, -0.18), (-2.59, 0.10, -2.02), Wall_Left (1)
(-4.42, 0.10, -0.18), (-2.59, 0.10, -2.02), Wall_Left (1)
(-4.42, 0.10, -0.18), (-2.59, 0.10, -2.02), Wall_Left (1)
(-4.42, 0.10, -0.18), (-2.59, 0.10, -2.02), Wall_Left (1)
(-4.42, 0.10, -0.18), (-2.59, 0.10, -2.02), Wall_Left (1)
(-4.42, 0.10, -0.18), (-2.59, 0.10, -2.02), Wall_Left (1)
(-4.42, 0.10, -0.18), (-2.59, 0.10, -2.02), Wall_Left (1)
(-4.42, 0.10, -0.18), (-2.59, 0.10, -2.02), Wall_Left (1)
(-4.42, 0.10, -0.18), (-2.59, 0.10, -2.02), Wall_Left (1)
(-4.42, 0.10, -0.18), (-2.59, 0.10, -2.02), Wall_Left (1)
(-4.42, 0.10, -0.18), (-2.59, 0.10, -2.02), Wall_Left (1)
(-4.42, 0.10, -0.18), (-2.59, 0.10, -2.02), Wall_Left (1)
(-4.42, 0.10, -0.18), (-2.59, 0.10, -2.02), Wall_Left (1)
(-4.42, 0.10, -0.18), (-2.59, 0.10, -2.02), Wall_Left (1)
(-4.42, 0.10, -0.18), (-2.59, 0.10, -2.02), Wall_Left (1)
(-4.42, 0.10, -0.18), (-2.59, 0.10, -2.02), Wall_Left (1)
(-4.42, 0.10, -0.18), (-2.59, 0.10, -2.02), Wall_Left (1)
(-4.42, 0.10, -0.18), (-2.59, 0.10, -2.02), Wall_Left (1)
(-4.42, 0.10, -0.18), (-2.59, 0.10, -2.02), Wall_Left (1)
(-4.42, 0.10, -0.18), (-2.59, 0.10, -2.02), Wall_Left (1)
(-4.42, 0.10, -0.18), (-2.59, 0.10, -2.02), Wall_Left (1)
(-4.42, 0.10, -0.18), (-2.59, 0.10, -2.02), Wall_Left (1)
(-4.42, 0.10, -0.18), (-2.59, 0.10, -2.02), Wall_Left (1)
(-4.42, 0.10, -0.18), (-2.59, 0.10, -2.02), Wall_Left (1)
(-4.42, 0.10, -0.18), (-2.59, 0.10, -2.02), Wall_Left (1)
(-4.42, 0.10, -0.18), (-2.59, 0.10, -2.02), Wall_Left (1)
(-4.42, 0.10, -0.18), (-2.59, 0.10, -2.02), Wall_Left (1)
(-4.42, 0.10, -0.18), (-2.59, 0.10, -2.02), Wall_Left (1)
(-4.42, 0.10, -0.18), (-2.59, 0.10, -2.02), Wall_Left (1)
(-4.42, 0.10, -0.18), (-2.59, 0.10, -2.02), Wall_Left (1)
(-4.42, 0.10, -0.18), (-2.59, 0.10, -2.02), Wall_Left (1)
(-4.42, 0.10, -0.18), (-2.59, 0.10, -2.02), Wall_Left (1)
(-4.42, 0.10, -0.18), (-2.59, 0.10, -2.02), Wall_Left (1)
(-4.42, 0.10, -0.18), (-2.59, 0.10, -2.02), Wall_Left (1)
(-4.42, 0.10, -0.18), (-2.59, 0.10, -2.02), Wall_Left (1)
(-4.42, 0.10, -0.18), (-2.59, 0.10, -2.02), Wall_Left (1)
(-4.42, 0.10, -0.18), (-2.59, 0.10, -2.02), Wall_Left (1)
(-4.42, 0.10, -0.18), (-2.59, 0.10, -2.02), Wall_Left (1)
(-4.42, 0.10, -0.18), (-2.59, 0.10, -2.02), Wall_Left (1)
(-4.42, 0.10, -0.18), (-2.59, 0.10, -2.02), Wall_Left (1)
(-4.42, 0.10, -0.18), (-2.59, 0.10, -2.02), Wall_Left (1)
(-4.42, 0.10, -0.18), (-2.59, 0.10, -2.02), Wall_Left (1)
(-4.42, 0.10, -0.18), (-2.59, 0.10, -2.02), Wall_Left (1)
(-4.42, 0.10, -0.18), (-2.59, 0.10, -2.02), Wall_Left (1)
(-4.42, 0.10, -0.18), (-2.59, 0.10, -2.02), Wall_Left (1)
(-4.42, 0.10, -0.18), (-2.59, 0.10, -2.02), Wall_Left (1)
(-4.42, 0.10, -0.18), (-2.59, 0.10, -2.02), Wall_Left (1)
(-4.42, 0.10, -0.18), (-2.59, 0.10, -2.02), Wall_Left (1)
(-4.42, 0.10, -0.18), (-2.59, 0.10, -2.02), Wall_Left (1)
(-4.42, 0.10, -0.18), (-2.59, 0.10, -2.02), Wall_Left (1)
(-4.42, 0.10, -0.18), (-2.59, 0.10, -2.02), Wall_Left (1)
(-4.42, 0.10, -0.18), (-2.59, 0.10, -2.02), Wall_Left (1)
(-4.42, 0.10, -0.18), (-2.59, 0.10, -2.02), Wall_Left (1)
(-4.42, 0.10, -0.18), (-2.59, 0.10, -2.02), Wall_Left (1)
(-4.42, 0.10, -0.18), (-2.59, 0.10, -2.02), Wall_Left (1)
(-4.42, 0.10, -0.18), (-2.59, 0.10, -2.02), Wall_Left (1)
(-4.42, 0.10, -0.18), (-2.59, 0.10, -2.02), Wall_Left (1)
(-4.42, 0.10, -0.18), (-2.59, 0.10, -2.02), Wall_Left (1)
(-4.42, 0.10, -0.18), (-2.59, 0.10, -2.02), Wall_Left (1)
(-4.42, 0.10, -0.18), (-2.59, 0.10, -2.02), Wall_Left (1)
(-4.42, 0.10, -0.18), (-2.59, 0.10, -2.02), Wall_Left (1)
(-4.42, 0.10, -0.18), (-2.59, 0.10, -2.02), Wall_Left (1)
(-4.42, 0.10, -0.18), (-2.59, 0.10, -2.02), Wall_Left (1)
(-4.42, 0.10, -0.18), (-2.59, 0.10, -2.02), Wall_Left (1)
(-4.42, 0.10, -0.18), (-2.59, 0.10, -2.02), Wall_Left (1)
(-4.42, 0.10, -0.18), (-2.59, 0.10, -2.02), Wall_Left (1)
(-4.42, 0.10, -0.18), (-2.59, 0.10, -2.02), Wall_Left (1)
(-4.42, 0.10, -0.18), (-2.59, 0.10, -2.02), Wall_Left (1)
(-4.42, 0.10, -0.18), (-2.59, 0.10, -2.02), Wall_Left (1)
(-4.42, 0.10, -0.18), (-2.59, 0.10, -2.02), Wall_Left (1)
(-4.42, 0.10, -0.18), (-2.59, 0.10, -2.02), Wall_Left (1)
(-4.42, 0.10, -0.18), (-2.59, 0.10, -2.02), Wall_Left (1)
(-4.42, 0.10, -0.18), (-2.59, 0.10, -2.02), Wall_Left (1)
(-4.42, 0.10, -0.18), (-2.59, 0.10, -2.02), Wall_Left (1)
(-4.42, 0.10, -0.18), (-2.59, 0.10, -2.02), Wall_Left (1)
(-4.42, 0.10, -0.18), (-2.59, 0.10, -2.02), Wall_Left (1)
(-4.42, 0.10, -0.18), (-2.59, 0.10, -2.02), Wall_Left (1)
(-4.42, 0.10, -0.18), (-2.59, 0.10, -2.02), Wall_Left (1)
(-4.42, 0.10, -0.18), (-2.59, 0.10, -2.02), Wall_Left (1)
(-4.42, 0.10, -0.18), (-2.59, 0.10, -2.02), Wall_Left (1)
(-4.42, 0.10, -0.18), (-2.59, 0.10, -2.02), Wall_Left (1)
(-4.42, 0.10, -0.18), (-2.59, 0.10, -2.02), Wall_Left (1)
(-4.42, 0.10, -0.18), (-2.59, 0.10, -2.02), Wall_Left (1)
(-4.42, 0.10, -0.18), (-2.59, 0.10, -2.02), Wall_Left (1)
(-4.42, 0.10, -0.18), (-2.59, 0.10, -2.02), Wall_Left (1)
(-4.42, 0.10, -0.18), (-2.59, 0.10, -2.02), Wall_Left (1)
(-4.42, 0.10, -0.18), (-2.59, 0.10, -2.02), Wall_Left (1)
(-4.42, 0.10, -0.18), (-2.59, 0.10, -2.02), Wall_Left (1)
(-4.42, 0.10, -0.18), (-2.59, 0.10, -2.02), Wall_Left (1)
(-4.42, 0.10, -0.18), (-2.59, 0.10, -2.02), Wall_Left (1)
(-4.42, 0.10, -0.18), (-2.59, 0.10, -2.02), Wall_Left (1)
(-4.42, 0.10, -0.18), (-2.59, 0.10, -2.02), Wall_Left (1)
(-4.42, 0.10, -0.18), (-2.59, 0.10, -2.02), Wall_Left (1)
(-4.42, 0.10, -0.18), (-2.59, 0.10, -2.02), Wall_Left (1)
(-4.42, 0.10, -0.18), (-2.59, 0.10, -2.02), Wall_Left (1)
(-4.42, 0.10, -0.18), (-2.59, 0.10, -2.02), Wall_Left (1)
(-4.42, 0.10, -0.18), (-2.59, 0.10, -2.02), Wall_Left (1)
(-4.42, 0.10, -0.18), (-2.59, 0.10, -2.02), Wall_Left (1)
(-4.42, 0.10, -0.18), (-2.59, 0.10, -2.02), Wall_Left (1)
(-4.42, 0.10, -0.18), (-2.59, 0.10, -2.02), Wall_Left (1)
(-4.42, 0.10, -0.18), (-2.59, 0.10, -2.02), Wall_Left (1)
(-4.42, 0.10, -0.18), (-2.59, 0.10, -2.02), Wall_Left (1)
(-4.42, 0.10, -0.18), (-2.59, 0.10, -2.02), Wall_Left (1)
(-4.42, 0.10, -0.18), (-2.59, 0.10, -2.02), Wall_Left (1)
(-4.42, 0.10, -0.18), (-2.59, 0.10, -2.02), Wall_Left (1)
(-4.42, 0.10, -0.18), (-2.59, 0.10, -2.02), Wall_Left (1)
(-4.42, 0.10, -0.18), (-2.59, 0.10, -2.02), Wall_Left (1)
(-4.42, 0.10, -0.18), (-2.59, 0.10, -2.02), Wall_Left (1)
(-4.42, 0.10, -0.18), (-2.59, 0.10, -2.02), Wall_Left (1)
(-4.42, 0.10, -0.18), (-2.59, 0.10, -2.02), Wall_Left (1)
(-4.42, 0.10, -0.18), (-2.59, 0.10, -2.02), Wall_Left (1)
(-4.42, 0.10, -0.18), (-2.59, 0.10, -2.02), Wall_Left (1)
(-4.42, 0.10, -0.18), (-2.59, 0.10, -2.02), Wall_Left (1)
(-4.42, 0.10, -0.18), (-2.59, 0.10, -2.02), Wall_Left (1)
(-4.42, 1.25, -0.18), (-2.59, 1.25, -2.02), Wall_Left (1)
(-4.42, 0.10, -0.18), (-2.59, 0.10, -2.02), Wall_Left (1)
(-4.42, 0.10, -0.18), (-2.59, 0.10, -2.02), Wall_Left (1)
(-4.42, 0.10, -0.18), (-2.59, 0.10, -2.02), Wall_Left (1)
(-4.42, 0.10, -0.18), (-2.59, 0.10, -2.02), Wall_Left (1)
(-4.42, 0.10, -0.18), (-2.59, 0.10, -2.02), Wall_Left (1)
(-4.42, 0.10, -0.18), (-2.59, 0.10, -2.02), Wall_Left (1)
(-4.42, 0.10, -0.18), (-2.59, 0.10, -2.02), Wall_Left (1)
(-4.42, 0.10, -0.18), (-2.59, 0.10, -2.02), Wall_Left (1)
(-4.42, 0.10, -0.18), (-2.59, 0.10, -2.02), Wall_Left (1)
(-4.42, 0.10, -0.18), (-2.59, 0.10, -2.02), Wall_Left (1)
(-4.42, 0.10, -0.18), (-2.59, 0.10, -2.02), Wall_Left (1)
(-4.42, 1.25, -0.18), (-2.59, 1.25, -2.02), Wall_Left (1)
(-4.42, 0.10, -0.18), (-2.59, 0.10, -2.02), Wall_Left (1)
(-4.42, 0.10, -0.18), (-2.59, 0.10, -2.02), Wall_Left (1)
(-4.42, 0.10, -0.18), (-2.59, 0.10, -2.02), Wall_Left (1)
(-4.42, 0.10, -0.18), (-2.59, 0.10, -2.02), Wall_Left (1)
(-4.42, 0.10, -0.18), (-2.59, 0.10, -2.02), Wall_Left (1)
(-4.42, 0.10, -0.18), (-2.59, 0.10, -2.02), Wall_Left (1)
(-4.42, 0.10, -0.18), (-2.59, 0.10, -2.02), Wall_Left (1)
(-4.42, 0.10, -0.18), (-2.59, 0.10, -2.02), Wall_Left (1)
(-4.42, 0.10, -0.18), (-2.59, 0.10, -2.02), Wall_Left (1)
(-4.42, 0.10, -0.18), (-2.59, 0.10, -2.02), Wall_Left (1)
(-4.42, 0.10, -0.18), (-2.59, 0.10, -2.02), Wall_Left (1)
(-4.42, 1.25, -0.18), (-2.59, 1.25, -2.02), Wall_Left (1)
(-4.42, 0.10, -0.18), (-2.59, 0.10, -2.02), Wall_Left (1)
(-4.42, 0.10, -0.18), (-2.59, 0.10, -2.02), Wall_Left (1)
(-4.42, 0.10, -0.18), (-2.59, 0.10, -2.02), Wall_Left (1)
(-4.42, 0.10, -0.18), (-2.59, 0.10, -2.02), Wall_Left (1)
(-4.42, 0.10, -0.18), (-2.59, 0.10, -2.02), Wall_Left (1)
(-4.42, 0.10, -0.18), (-2.59, 0.10, -2.02), Wall_Left (1)
(-4.42, 0.10, -0.18), (-2.59, 0.10, -2.02), Wall_Left (1)
(-4.42, 0.10, -0.18), (-2.59, 0.10, -2.02), Wall_Left (1)
(-4.42, 0.10, -0.18), (-2.59, 0.10, -2.02), Wall_Left (1)
(-4.42, 0.10, -0.18), (-2.59, 0.10, -2.02), Wall_Left (1)
(-4.42, 0.10, -0.18), (-2.59, 0.10, -2.02), Wall_Left (1)
(-4.42, 0.10, -0.18), (-2.59, 0.10, -2.02), Wall_Left (1)
(-4.42, 0.10, -0.18), (-2.59, 0.10, -2.02), Wall_Left (1)
(-4.42, 0.10, -0.18), (-2.59, 0.10, -2.02), Wall_Left (1)
(-4.42, 0.10, -0.18), (-2.59, 0.10, -2.02), Wall_Left (1)
(-4.42, 0.10, -0.18), (-2.59, 0.10, -2.02), Wall_Left (1)
(-4.42, 0.10, -0.18), (-2.59, 0.10, -2.02), Wall_Left (1)
(-4.42, 0.10, -0.18), (-2.59, 0.10, -2.02), Wall_Left (1)
(-4.42, 0.10, -0.18), (-2.59, 0.10, -2.02), Wall_Left (1)
(-4.42, 0.10, -0.18), (-2.59, 0.10, -2.02), Wall_Left (1)
(-4.42, 0.10, -0.18), (-2.59, 0.10, -2.02), Wall_Left (1)
(-4.42, 0.10, -0.18), (-2.59, 0.10, -2.02), Wall_Left (1)
(-4.42, 0.10, -0.18), (-2.59, 0.10, -2.02), Wall_Left (1)
(-4.42, 0.10, -0.18), (-2.59, 0.10, -2.02), Wall_Left (1)
(-4.42, 0.10, -0.18), (-2.59, 0.10, -2.02), Wall_Left (1)
(-4.42, 0.10, -0.18), (-2.59, 0.10, -2.02), Wall_Left (1)
(-4.42, 0.10, -0.18), (-2.59, 0.10, -2.02), Wall_Left (1)
(-4.42, 0.10, -0.18), (-2.59, 0.10, -2.02), Wall_Left (1)
(-4.42, 0.10, -0.18), (-2.59, 0.10, -2.02), Wall_Left (1)
(-4.42, 0.10, -0.18), (-2.59, 0.10, -2.02), Wall_Left (1)
(-4.42, 0.10, -0.18), (-2.59, 0.10, -2.02), Wall_Left (1)
(-4.42, 0.10, -0.18), (-2.59, 0.10, -2.02), Wall_Left (1)
(-4.42, 0.10, -0.18), (-2.59, 0.10, -2.02), Wall_Left (1)
(-4.42, 0.10, -0.18), (-2.59, 0.10, -2.02), Wall_Left (1)
(-4.42, 0.10, -0.18), (-2.59, 0.10, -2.02), Wall_Left (1)
(-4.42, 0.10, -0.18), (-2.59, 0.10, -2.02), Wall_Left (1)
(-4.42, 0.10, -0.18), (-2.59, 0.10, -2.02), Wall_Left (1)
(-4.42, 0.10, -0.18), (-2.59, 0.10, -2.02), Wall_Left (1)
(-4.42, 0.10, -0.18), (-2.59, 0.10, -2.02), Wall_Left (1)
(-4.42, 0.10, -0.18), (-2.59, 0.10, -2.02), Wall_Left (1)
(-4.42, 0.10, -0.18), (-2.59, 0.10, -2.02), Wall_Left (1)
(-4.42, 0.10, -0.18), (-2.59, 0.10, -2.02), Wall_Left (1)
(-4.42, 0.10, -0.18), (-2.59, 0.10, -2.02), Wall_Left (1)
(-4.42, 0.10, -0.18), (-2.59, 0.10, -2.02), Wall_Left (1)
(-4.42, 0.10, -0.18), (-2.59, 0.10, -2.02), Wall_Left (1)
(-4.42, 0.10, -0.18), (-2.59, 0.10, -2.02), Wall_Left (1)
(-4.42, 0.10, -0.18), (-2.59, 0.10, -2.02), Wall_Left (1)
(-4.42, 0.10, -0.18), (-2.59, 0.10, -2.02), Wall_Left (1)
(-4.42, 0.10, -0.18), (-2.59, 0.10, -2.02), Wall_Left (1)
(-4.42, 0.10, -0.18), (-2.59, 0.10, -2.02), Wall_Left (1)
(-4.42, 0.10, -0.18), (-2.59, 0.10, -2.02), Wall_Left (1)
(-4.42, 0.10, -0.18), (-2.59, 0.10, -2.02), Wall_Left (1)
(-4.42, 0.10, -0.18), (-2.59, 0.10, -2.02), Wall_Left (1)
(-4.42, 0.10, -0.18), (-2.59, 0.10, -2.02), Wall_Left (1)
(-4.42, 0.10, -0.18), (-2.59, 0.10, -2.02), Wall_Left (1)
(-4.42, 0.10, -0.18), (-2.59, 0.10, -2.02), Wall_Left (1)
(-4.42, 0.10, -0.18), (-2.59, 0.10, -2.02), Wall_Left (1)
(-4.42, 0.10, -0.18), (-2.59, 0.10, -2.02), Wall_Left (1)
(-4.42, 0.10, -0.18), (-2.59, 0.10, -2.02), Wall_Left (1)
(-4.42, 0.10, -0.18), (-2.59, 0.10, -2.02), Wall_Left (1)
(-4.42, 0.10, -0.18), (-2.59, 0.10, -2.02), Wall_Left (1)
(-4.42, 0.10, -0.18), (-2.59, 0.10, -2.02), Wall_Left (1)
(-4.42, 0.10, -0.18), (-2.59, 0.10, -2.02), Wall_Left (1)
(-4.42, 0.10, -0.18), (-2.59, 0.10, -2.02), Wall_Left (1)
(-4.42, 0.10, -0.18), (-2.59, 0.10, -2.02), Wall_Left (1)
(-4.42, 0.10, -0.18), (-2.59, 0.10, -2.02), Wall_Left (1)
(-4.42, 0.10, -0.18), (-2.59, 0.10, -2.02), Wall_Left (1)
(-4.42, 0.10, -0.18), (-2.59, 0.10, -2.02), Wall_Left (1)
(-4.42, 0.10, -0.18), (-2.59, 0.10, -2.02), Wall_Left (1)
(-4.42, 0.10, -0.18), (-2.59, 0.10, -2.02), Wall_Left (1)
(-4.42, 0.10, -0.18), (-2.59, 0.10, -2.02), Wall_Left (1)
(-4.42, 0.10, -0.18), (-2.59, 0.10, -2.02), Wall_Left (1)
(-4.42, 0.10, -0.18), (-2.59, 0.10, -2.02), Wall_Left (1)
(-4.42, 0.10, -0.18), (-2.59, 0.10, -2.02), Wall_Left (1)
(-4.42, 0.10, -0.18), (-2.59, 0.10, -2.02), Wall_Left (1)
(-4.42, 0.10, -0.18), (-2.59, 0.10, -2.02), Wall_Left (1)
(-4.42, 0.10, -0.18), (-2.59, 0.10, -2.02), Wall_Left (1)
(-4.42, 0.10, -0.18), (-2.59, 0.10, -2.02), Wall_Left (1)
(-4.42, 0.10, -0.18), (-2.59, 0.10, -2.02), Wall_Left (1)
(-4.42, 0.10, -0.18), (-2.59, 0.10, -2.02), Wall_Left (1)
(-4.42, 0.10, -0.18), (-2.59, 0.10, -2.02), Wall_Left (1)
(-4.42, 0.10, -0.18), (-2.59, 0.10, -2.02), Wall_Left (1)
(-4.42, 0.10, -0.18), (-2.59, 0.10, -2.02), Wall_Left (1)
(-4.42, 0.10, -0.18), (-2.59, 0.10, -2.02), Wall_Left (1)
(-4.42, 0.10, -0.18), (-2.59, 0.10, -2.02), Wall_Left (1)
(-4.42, 0.10, -0.18), (-2.59, 0.10, -2.02), Wall_Left (1)
(-4.42, 0.10, -0.18), (-2.59, 0.10, -2.02), Wall_Left (1)
(-4.42, 0.10, -0.18), (-2.59, 0.10, -2.02), Wall_Left (1)
(-4.42, 0.10, -0.18), (-2.59, 0.10, -2.02), Wall_Left (1)
(-4.42, 0.10, -0.18), (-2.59, 0.10, -2.02), Wall_Left (1)
(-4.42, 0.10, -0.18), (-2.59, 0.10, -2.02), Wall_Left (1)
(-4.42, 0.10, -0.18), (-2.59, 0.10, -2.02), Wall_Left (1)
(-4.42, 0.10, -0.18), (-2.59, 0.10, -2.02), Wall_Left (1)
(-4.42, 0.10, -0.18), (-2.59, 0.10, -2.02), Wall_Left (1)
(-4.42, 0.10, -0.18), (-2.59, 0.10, -2.02), Wall_Left (1)
(-4.42, 0.10, -0.18), (-2.59, 0.10, -2.02), Wall_Left (1)
(-4.42, 0.10, -0.18), (-2.59, 0.10, -2.02), Wall_Left (1)
(-4.42, 0.10, -0.18), (-2.59, 0.10, -2.02), Wall_Left (1)
(-4.42, 0.10, -0.18), (-2.59, 0.10, -2.02), Wall_Left (1)
(-4.42, 0.10, -0.18), (-2.59, 0.10, -2.02), Wall_Left (1)
(-4.42, 0.10, -0.18), (-2.59, 0.10, -2.02), Wall_Left (1)
(-4.42, 0.10, -0.18), (-2.59, 0.10, -2.02), Wall_Left (1)
(-4.42, 0.10, -0.18), (-2.59, 0.10, -2.02), Wall_Left (1)
(-4.42, 0.10, -0.18), (-2.59, 0.10, -2.02), Wall_Left (1)
(-4.42, 0.10, -0.18), (-2.59, 0.10, -2.02), Wall_Left (1)
(-4.42, 0.10, -0.18), (-2.59, 0.10, -2.02), Wall_Left (1)
(-4.42, 0.10, -0.18), (-2.59, 0.10, -2.02), Wall_Left (1)
(-4.42, 0.10, -0.18), (-2.59, 0.10, -2.02), Wall_Left (1)
(-4.42, 0.10, -0.18), (-2.59, 0.10, -2.02), Wall_Left (1)
(-4.42, 0.10, -0.18), (-2.59, 0.10, -2.02), Wall_Left (1)
(-4.42, 0.10, -0.18), (-2.59, 0.10, -2.02), Wall_Left (1)
(-4.42, 0.10, -0.18), (-2.59, 0.10, -2.02), Wall_Left (1)
(-4.42, 0.10, -0.18), (-2.59, 0.10, -2.02), Wall_Left (1)
(-4.42, 0.10, -0.18), (-2.59, 0.10, -2.02), Wall_Left (1)
(-4.42, 0.10, -0.18), (-2.59, 0.10, -2.02), Wall_Left (1)
(-4.42, 0.10, -0.18), (-2.59, 0.10, -2.02), Wall_Left (1)
(-4.42, 0.10, -0.18), (-2.59, 0.10, -2.02), Wall_Left (1)
(-4.42, 0.10, -0.18), (-2.59, 0.10, -2.02), Wall_Left (1)
(-4.42, 0.10, -0.18), (-2.59, 0.10, -2.02), Wall_Left (1)
(-4.42, 0.10, -0.18), (-2.59, 0.10, -2.02), Wall_Left (1)
(-4.42, 0.10, -0.18), (-2.59, 0.10, -2.02), Wall_Left (1)
(-4.42, 0.10, -0.18), (-2.59, 0.10, -2.02), Wall_Left (1)
(-4.42, 0.10, -0.18), (-2.59, 0.10, -2.02), Wall_Left (1)
(-4.42, 0.10, -0.18), (-2.59, 0.10, -2.02), Wall_Left (1)
(-4.42, 0.10, -0.18), (-2.59, 0.10, -2.02), Wall_Left (1)
(-4.42, 0.10, -0.18), (-2.59, 0.10, -2.02), Wall_Left (1)
(-4.42, 0.10, -0.18), (-2.59, 0.10, -2.02), Wall_Left (1)
(-4.42, 0.10, -0.18), (-2.59, 0.10, -2.02), Wall_Left (1)
(-4.42, 0.10, -0.18), (-2.59, 0.10, -2.02), Wall_Left (1)
(-4.42, 0.10, -0.18), (-2.59, 0.10, -2.02), Wall_Left (1)
(-4.42, 0.10, -0.18), (-2.59, 0.10, -2.02), Wall_Left (1)
(-4.42, 0.10, -0.18), (-2.59, 0.10, -2.02), Wall_Left (1)
(-4.42, 0.10, -0.18), (-2.59, 0.10, -2.02), Wall_Left (1)
(-4.42, 0.10, -0.18), (-2.59, 0.10, -2.02), Wall_Left (1)
(-4.42, 0.10, -0.18), (-2.59, 0.10, -2.02), Wall_Left (1)
(-4.42, 0.10, -0.18), (-2.59, 0.10, -2.02), Wall_Left (1)
(-4.42, 0.10, -0.18), (-2.59, 0.10, -2.02), Wall_Left (1)
(-4.42, 0.10, -0.18), (-2.59, 0.10, -2.02), Wall_Left (1)
(-4.42, 0.10, -0.18), (-2.59, 0.10, -2.02), Wall_Left (1)
(-4.42, 0.10, -0.18), (-2.59, 0.10, -2.02), Wall_Left (1)
(-4.42, 0.10, -0.18), (-2.59, 0.10, -2.02), Wall_Left (1)
(-4.42, 0.10, -0.18), (-2.59, 0.10, -2.02), Wall_Left (1)
(-4.42, 0.10, -0.18), (-2.59, 0.10, -2.02), Wall_Left (1)
(-4.42, 0.10, -0.18), (-2.59, 0.10, -2.02), Wall_Left (1)
(-4.42, 0.10, -0.18), (-2.59, 0.10, -2.02), Wall_Left (1)
(-4.42, 0.10, -0.18), (-2.59, 0.10, -2.02), Wall_Left (1)
(-4.42, 0.10, -0.18), (-2.59, 0.10, -2.02), Wall_Left (1)
(-4.42, 0.10, -0.18), (-2.59, 0.10, -2.02), Wall_Left (1)
(-4.42, 0.10, -0.18), (-2.59, 0.10, -2.02), Wall_Left (1)
(-4.42, 0.10, -0.18), (-2.59, 0.10, -2.02), Wall_Left (1)
(-4.42, 0.10, -0.18), (-2.59, 0.10, -2.02), Wall_Left (1)
(-4.42, 0.10, -0.18), (-2.59, 0.10, -2.02), Wall_Left (1)
(-4.42, 0.10, -0.18), (-2.59, 0.10, -2.02), Wall_Left (1)
(-4.42, 0.10, -0.18), (-2.59, 0.10, -2.02), Wall_Left (1)
(-4.42, 0.10, -0.18), (-2.59, 0.10, -2.02), Wall_Left (1)
(-4.42, 0.10, -0.18), (-2.59, 0.10, -2.02), Wall_Left (1)
(-4.42, 0.10, -0.18), (-2.59, 0.10, -2.02), Wall_Left (1)
(-4.42, 0.10, -0.18), (-2.59, 0.10, -2.02), Wall_Left (1)
(-4.42, 0.10, -0.18), (-2.59, 0.10, -2.02), Wall_Left (1)
(-4.42, 0.10, -0.18), (-2.59, 0.10, -2.02), Wall_Left (1)
(-4.42, 0.10, -0.18), (-2.59, 0.10, -2.02), Wall_Left (1)
(-4.42, 0.10, -0.18), (-2.59, 0.10, -2.02), Wall_Left (1)
(-4.42, 0.10, -0.18), (-2.59, 0.10, -2.02), Wall_Left (1)
(-4.42, 0.10, -0.18), (-2.59, 0.10, -2.02), Wall_Left (1)
(-4.42, 0.10, -0.18), (-2.59, 0.10, -2.02), Wall_Left (1)
(-4.42, 0.10, -0.18), (-2.59, 0.10, -2.02), Wall_Left (1)
(-4.42, 0.10, -0.18), (-2.59, 0.10, -2.02), Wall_Left (1)
(-4.42, 0.10, -0.18), (-2.59, 0.10, -2.02), Wall_Left (1)
(-4.42, 0.10, -0.18), (-2.59, 0.10, -2.02), Wall_Left (1)
(-4.42, 0.10, -0.18), (-2.59, 0.10, -2.02), Wall_Left (1)
(-4.42, 0.10, -0.18), (-2.59, 0.10, -2.02), Wall_Left (1)
(-4.42, 0.10, -0.18), (-2.59, 0.10, -2.02), Wall_Left (1)
(-4.42, 0.10, -0.18), (-2.59, 0.10, -2.02), Wall_Left (1)
(-4.42, 0.10, -0.18), (-2.59, 0.10, -2.02), Wall_Left (1)
(-4.42, 0.10, -0.18), (-2.59, 0.10, -2.02), Wall_Left (1)
(-4.42, 0.10, -0.18), (-2.59, 0.10, -2.02), Wall_Left (1)
(-4.42, 0.10, -0.18), (-2.59, 0.10, -2.02), Wall_Left (1)
(-4.42, 0.10, -0.18), (-2.59, 0.10, -2.02), Wall_Left (1)
(-4.42, 0.10, -0.18), (-2.59, 0.10, -2.02), Wall_Left (1)
(-4.42, 0.10, -0.18), (-2.59, 0.10, -2.02), Wall_Left (1)
(-4.42, 0.10, -0.18), (-2.59, 0.10, -2.02), Wall_Left (1)
(-4.42, 0.10, -0.18), (-2.59, 0.10, -2.02), Wall_Left (1)
(-4.42, 0.10, -0.18), (-2.59, 0.10, -2.02), Wall_Left (1)
(-4.42, 0.10, -0.18), (-2.59, 0.10, -2.02), Wall_Left (1)
(-4.42, 0.10, -0.18), (-2.59, 0.10, -2.02), Wall_Left (1)
(-4.42, 0.10, -0.18), (-2.59, 0.10, -2.02), Wall_Left (1)
(-4.42, 0.10, -0.18), (-2.59, 0.10, -2.02), Wall_Left (1)
(-4.42, 0.10, -0.18), (-2.59, 0.10, -2.02), Wall_Left (1)
(-4.42, 0.10, -0.18), (-2.59, 0.10, -2.02), Wall_Left (1)
(-4.42, 0.10, -0.18), (-2.59, 0.10, -2.02), Wall_Left (1)
(-4.42, 0.10, -0.18), (-2.59, 0.10, -2.02), Wall_Left (1)
(-4.42, 0.10, -0.18), (-2.59, 0.10, -2.02), Wall_Left (1)
(-4.42, 0.10, -0.18), (-2.59, 0.10, -2.02), Wall_Left (1)
(-4.42, 0.10, -0.18), (-2.59, 0.10, -2.02), Wall_Left (1)
(-4.42, 0.10, -0.18), (-2.59, 0.10, -2.02), Wall_Left (1)
(-4.42, 0.10, -0.18), (-2.59, 0.10, -2.02), Wall_Left (1)
(-4.42, 0.10, -0.18), (-2.59, 0.10, -2.02), Wall_Left (1)
(-4.42, 0.10, -0.18), (-2.59, 0.10, -2.02), Wall_Left (1)
(-4.42, 0.10, -0.18), (-2.59, 0.10, -2.02), Wall_Left (1)
(-4.42, 0.10, -0.18), (-2.59, 0.10, -2.02), Wall_Left (1)
(-4.42, 0.10, -0.18), (-2.59, 0.10, -2.02), Wall_Left (1)
(-4.42, 0.10, -0.18), (-2.59, 0.10, -2.02), Wall_Left (1)
(-4.42, 0.10, -0.18), (-2.59, 0.10, -2.02), Wall_Left (1)
(-4.42, 0.10, -0.18), (-2.59, 0.10, -2.02), Wall_Left (1)
(-4.42, 0.10, -0.18), (-2.59, 0.10, -2.02), Wall_Left (1)
(-4.42, 0.10, -0.18), (-2.59, 0.10, -2.02), Wall_Left (1)
(-4.42, 0.10, -0.18), (-2.59, 0.10, -2.02), Wall_Left (1)
(-4.42, 0.10, -0.18), (-2.59, 0.10, -2.02), Wall_Left (1)
(-4.42, 0.10, -0.18), (-2.59, 0.10, -2.02), Wall_Left (1)
(-4.42, 0.10, -0.18), (-2.59, 0.10, -2.02), Wall_Left (1)
(-4.42, 0.10, -0.18), (-2.59, 0.10, -2.02), Wall_Left (1)
(-4.42, 0.10, -0.18), (-2.59, 0.10, -2.02), Wall_Left (1)
(-4.42, 0.10, -0.18), (-2.59, 0.10, -2.02), Wall_Left (1)
(-4.42, 0.10, -0.18), (-2.59, 0.10, -2.02), Wall_Left (1)
(-4.42, 0.10, -0.18), (-2.59, 0.10, -2.02), Wall_Left (1)
(-4.42, 0.10, -0.18), (-2.59, 0.10, -2.02), Wall_Left (1)
(-4.42, 0.10, -0.18), (-2.59, 0.10, -2.02), Wall_Left (1)
(-4.42, 0.10, -0.18), (-2.59, 0.10, -2.02), Wall_Left (1)
(-4.42, 0.10, -0.18), (-2.59, 0.10, -2.02), Wall_Left (1)
(-4.42, 0.10, -0.18), (-2.59, 0.10, -2.02), Wall_Left (1)
(-4.42, 0.10, -0.18), (-2.59, 0.10, -2.02), Wall_Left (1)
(-4.42, 0.10, -0.18), (-2.59, 0.10, -2.02), Wall_Left (1)
(-4.42, 1.25, -0.18), (-2.59, 1.25, -2.02), Wall_Left (1)
(-4.42, 0.10, -0.18), (-2.59, 0.10, -2.02), Wall_Left (1)
(-4.42, 0.10, -0.18), (-2.59, 0.10, -2.02), Wall_Left (1)
(-4.42, 0.10, -0.18), (-2.59, 0.10, -2.02), Wall_Left (1)
(-4.42, 0.10, -0.18), (-2.59, 0.10, -2.02), Wall_Left (1)
(-4.42, 0.10, -0.18), (-2.59, 0.10, -2.02), Wall_Left (1)
(-4.42, 0.10, -0.18), (-2.59, 0.10, -2.02), Wall_Left (1)
(-4.42, 0.10, -0.18), (-2.59, 0.10, -2.02), Wall_Left (1)
(-4.42, 0.10, -0.18), (-2.59, 0.10, -2.02), Wall_Left (1)
(-4.42, 0.10, -0.18), (-2.59, 0.10, -2.02), Wall_Left (1)
(-4.42, 0.10, -0.18), (-2.59, 0.10, -2.02), Wall_Left (1)
(-4.42, 0.10, -0.18), (-2.59, 0.10, -2.02), Wall_Left (1)
(-4.42, 0.10, -0.18), (-2.59, 0.10, -2.02), Wall_Left (1)
(-4.42, 0.10, -0.18), (-2.59, 0.10, -2.02), Wall_Left (1)
(-4.42, 0.10, -0.18), (-2.59, 0.10, -2.02), Wall_Left (1)
(-4.42, 0.10, -0.18), (-2.59, 0.10, -2.02), Wall_Left (1)
(-4.42, 0.10, -0.18), (-2.59, 0.10, -2.02), Wall_Left (1)
(-4.42, 1.25, -0.18), (-2.59, 1.25, -2.02), Wall_Left (1)
(-4.42, 0.10, -0.18), (-2.59, 0.10, -2.02), Wall_Left (1)
(-4.42, 0.10, -0.18), (-2.59, 0.10, -2.02), Wall_Left (1)
(-4.42, 0.10, -0.18), (-2.59, 0.10, -2.02), Wall_Left (1)
(-4.42, 0.10, -0.18), (-2.59, 0.10, -2.02), Wall_Left (1)
(-4.42, 0.10, -0.18), (-2.59, 0.10, -2.02), Wall_Left (1)
(-4.42, 0.10, -0.18), (-2.59, 0.10, -2.02), Wall_Left (1)
(-4.42, 0.10, -0.18), (-2.59, 0.10, -2.02), Wall_Left (1)
(-4.42, 0.10, -0.18), (-2.59, 0.10, -2.02), Wall_Left (1)
(-4.42, 0.10, -0.18), (-2.59, 0.10, -2.02), Wall_Left (1)
(-4.42, 0.10, -0.18), (-2.59, 0.10, -2.02), Wall_Left (1)
(-4.42, 0.10, -0.18), (-2.59, 0.10, -2.02), Wall_Left (1)
(-4.42, 0.10, -0.18), (-2.59, 0.10, -2.02), Wall_Left (1)
(-4.42, 0.10, -0.18), (-2.59, 0.10, -2.02), Wall_Left (1)
(-4.42, 0.10, -0.18), (-2.59, 0.10, -2.02), Wall_Left (1)
(-4.42, 0.10, -0.18), (-2.59, 0.10, -2.02), Wall_Left (1)
(-4.42, 0.10, -0.18), (-2.59, 0.10, -2.02), Wall_Left (1)
(-4.42, 0.10, -0.18), (-2.59, 0.10, -2.02), Wall_Left (1)
(-4.42, 0.10, -0.18), (-2.59, 0.10, -2.02), Wall_Left (1)
(-4.42, 0.10, -0.18), (-2.59, 0.10, -2.02), Wall_Left (1)
(-4.42, 0.10, -0.18), (-2.59, 0.10, -2.02), Wall_Left (1)
(-4.42, 0.10, -0.18), (-2.59, 0.10, -2.02), Wall_Left (1)
(-4.42, 0.10, -0.18), (-2.59, 0.10, -2.02), Wall_Left (1)
(-4.42, 0.10, -0.18), (-2.59, 0.10, -2.02), Wall_Left (1)
(-4.42, 0.10, -0.18), (-2.59, 0.10, -2.02), Wall_Left (1)
(-4.42, 0.10, -0.18), (-2.59, 0.10, -2.02), Wall_Left (1)
(-4.42, 0.10, -0.18), (-2.59, 0.10, -2.02), Wall_Left (1)
(-4.42, 0.10, -0.18), (-2.59, 0.10, -2.02), Wall_Left (1)
(-4.42, 0.10, -0.18), (-2.59, 0.10, -2.02), Wall_Left (1)
(-4.42, 0.10, -0.18), (-2.59, 0.10, -2.02), Wall_Left (1)
(-4.42, 0.10, -0.18), (-2.59, 0.10, -2.02), Wall_Left (1)
(-4.42, 0.10, -0.18), (-2.59, 0.10, -2.02), Wall_Left (1)
(-4.42, 0.10, -0.18), (-2.59, 0.10, -2.02), Wall_Left (1)
(-4.42, 0.10, -0.18), (-2.59, 0.10, -2.02), Wall_Left (1)
(-4.42, 0.10, -0.18), (-2.59, 0.10, -2.02), Wall_Left (1)
(-4.42, 0.10, -0.18), (-2.59, 0.10, -2.02), Wall_Left (1)
(-4.42, 0.10, -0.18), (-2.59, 0.10, -2.02), Wall_Left (1)
(-4.42, 0.10, -0.18), (-2.59, 0.10, -2.02), Wall_Left (1)
(-4.42, 0.10, -0.18), (-2.59, 0.10, -2.02), Wall_Left (1)
(-4.42, 0.10, -0.18), (-2.59, 0.10, -2.02), Wall_Left (1)
(-4.42, 0.10, -0.18), (-2.59, 0.10, -2.02), Wall_Left (1)
(-4.42, 0.10, -0.18), (-2.59, 0.10, -2.02), Wall_Left (1)
(-4.42, 0.10, -0.18), (-2.59, 0.10, -2.02), Wall_Left (1)
(-4.42, 0.10, -0.18), (-2.59, 0.10, -2.02), Wall_Left (1)
(-4.42, 0.10, -0.18), (-2.59, 0.10, -2.02), Wall_Left (1)
(-4.42, 0.10, -0.18), (-2.59, 0.10, -2.02), Wall_Left (1)
(-4.42, 0.10, -0.18), (-2.59, 0.10, -2.02), Wall_Left (1)
(-4.42, 0.10, -0.18), (-2.59, 0.10, -2.02), Wall_Left (1)
(-4.42, 0.10, -0.18), (-2.59, 0.10, -2.02), Wall_Left (1)
(-4.42, 0.10, -0.18), (-2.59, 0.10, -2.02), Wall_Left (1)
(-4.42, 0.10, -0.18), (-2.59, 0.10, -2.02), Wall_Left (1)
(-4.42, 0.10, -0.18), (-2.59, 0.10, -2.02), Wall_Left (1)
(-4.42, 0.10, -0.18), (-2.59, 0.10, -2.02), Wall_Left (1)
(-4.42, 0.10, -0.18), (-2.59, 0.10, -2.02), Wall_Left (1)
(-4.42, 0.10, -0.18), (-2.59, 0.10, -2.02), Wall_Left (1)
(-4.42, 0.10, -0.18), (-2.59, 0.10, -2.02), Wall_Left (1)
(-4.42, 0.10, -0.18), (-2.59, 0.10, -2.02), Wall_Left (1)
(-4.42, 0.10, -0.18), (-2.59, 0.10, -2.02), Wall_Left (1)
(-4.42, 1.25, -0.18), (-2.59, 1.25, -2.02), Wall_Left (1)
(-4.42, 0.10, -0.18), (-2.59, 0.10, -2.02), Wall_Left (1)
(-4.42, 0.10, -0.18), (-2.59, 0.10, -2.02), Wall_Left (1)
(-4.42, 0.10, -0.18), (-2.59, 0.10, -2.02), Wall_Left (1)
(-4.42, 0.10, -0.18), (-2.59, 0.10, -2.02), Wall_Left (1)
(-4.42, 0.10, -0.18), (-2.59, 0.10, -2.02), Wall_Left (1)
(-4.42, 0.10, -0.18), (-2.59, 0.10, -2.02), Wall_Left (1)
(-4.42, 0.10, -0.18), (-2.59, 0.10, -2.02), Wall_Left (1)
(-4.42, 0.10, -0.18), (-2.59, 0.10, -2.02), Wall_Left (1)
(-4.42, 0.10, -0.18), (-2.59, 0.10, -2.02), Wall_Left (1)
(-4.42, 1.25, -0.18), (-2.59, 1.25, -2.02), Wall_Left (1)
(-4.42, 0.10, -0.18), (-2.59, 0.10, -2.02), Wall_Left (1)
(-4.42, 0.10, -0.18), (-2.59, 0.10, -2.02), Wall_Left (1)
(-4.42, 0.10, -0.18), (-2.59, 0.10, -2.02), Wall_Left (1)
(-4.42, 0.10, -0.18), (-2.59, 0.10, -2.02), Wall_Left (1)
(-4.42, 0.10, -0.18), (-2.59, 0.10, -2.02), Wall_Left (1)
(-4.42, 0.10, -0.18), (-2.59, 0.10, -2.02), Wall_Left (1)
(-4.42, 0.10, -0.18), (-2.59, 0.10, -2.02), Wall_Left (1)
(-4.42, 0.10, -0.18), (-2.59, 0.10, -2.02), Wall_Left (1)
(-4.42, 0.10, -0.18), (-2.59, 0.10, -2.02), Wall_Left (1)
(-4.42, 0.10, -0.18), (-2.59, 0.10, -2.02), Wall_Left (1)
(-4.42, 0.10, -0.18), (-2.59, 0.10, -2.02), Wall_Left (1)
(-4.42, 0.10, -0.18), (-2.59, 0.10, -2.02), Wall_Left (1)
(-4.42, 0.10, -0.18), (-2.59, 0.10, -2.02), Wall_Left (1)
(-4.42, 0.10, -0.18), (-2.59, 0.10, -2.02), Wall_Left (1)
(-4.42, 0.10, -0.18), (-2.59, 0.10, -2.02), Wall_Left (1)
(-4.42, 0.10, -0.18), (-2.59, 0.10, -2.02), Wall_Left (1)
(-4.42, 0.10, -0.18), (-2.59, 0.10, -2.02), Wall_Left (1)
(-4.42, 0.10, -0.18), (-2.59, 0.10, -2.02), Wall_Left (1)
(-4.42, 0.10, -0.18), (-2.59, 0.10, -2.02), Wall_Left (1)
(-4.42, 0.10, -0.18), (-2.59, 0.10, -2.02), Wall_Left (1)
(-4.42, 0.10, -0.18), (-2.59, 0.10, -2.02), Wall_Left (1)
(-4.42, 0.10, -0.18), (-2.59, 0.10, -2.02), Wall_Left (1)
(-4.42, 0.10, -0.18), (-2.59, 0.10, -2.02), Wall_Left (1)
(-4.42, 0.10, -0.18), (-2.59, 0.10, -2.02), Wall_Left (1)
(-4.42, 0.10, -0.18), (-2.59, 0.10, -2.02), Wall_Left (1)
(-4.42, 0.10, -0.18), (-2.59, 0.10, -2.02), Wall_Left (1)
(-4.42, 0.10, -0.18), (-2.59, 0.10, -2.02), Wall_Left (1)
(-4.42, 0.10, -0.18), (-2.59, 0.10, -2.02), Wall_Left (1)
(-4.42, 0.10, -0.18), (-2.59, 0.10, -2.02), Wall_Left (1)
(-4.42, 0.10, -0.18), (-2.59, 0.10, -2.02), Wall_Left (1)
(-4.42, 0.10, -0.18), (-2.59, 0.10, -2.02), Wall_Left (1)
(-4.42, 0.10, -0.18), (-2.59, 0.10, -2.02), Wall_Left (1)
(-4.42, 0.10, -0.18), (-2.59, 0.10, -2.02), Wall_Left (1)
(-4.42, 0.10, -0.18), (-2.59, 0.10, -2.02), Wall_Left (1)
(-4.42, 0.10, -0.18), (-2.59, 0.10, -2.02), Wall_Left (1)
(-4.42, 0.10, -0.18), (-2.59, 0.10, -2.02), Wall_Left (1)
(-4.42, 0.10, -0.18), (-2.59, 0.10, -2.02), Wall_Left (1)
(-4.42, 0.10, -0.18), (-2.59, 0.10, -2.02), Wall_Left (1)
(-4.42, 0.10, -0.18), (-2.59, 0.10, -2.02), Wall_Left (1)
(-4.42, 0.10, -0.18), (-2.59, 0.10, -2.02), Wall_Left (1)
(-4.42, 0.10, -0.18), (-2.59, 0.10, -2.02), Wall_Left (1)
(-4.42, 0.10, -0.18), (-2.59, 0.10, -2.02), Wall_Left (1)
(-4.42, 0.10, -0.18), (-2.59, 0.10, -2.02), Wall_Left (1)
(-4.42, 0.10, -0.18), (-2.59, 0.10, -2.02), Wall_Left (1)
(-4.42, 0.10, -0.18), (-2.59, 0.10, -2.02), Wall_Left (1)
(-4.42, 1.25, -0.18), (-2.59, 1.25, -2.02), Wall_Left (1)
(-4.42, 0.10, -0.18), (-2.59, 0.10, -2.02), Wall_Left (1)
(-4.42, 0.10, -0.18), (-2.59, 0.10, -2.02), Wall_Left (1)
(-4.42, 0.10, -0.18), (-2.59, 0.10, -2.02), Wall_Left (1)
(-4.42, 0.10, -0.18), (-2.59, 0.10, -2.02), Wall_Left (1)
(-4.42, 0.10, -0.18), (-2.59, 0.10, -2.02), Wall_Left (1)
(-4.42, 0.10, -0.18), (-2.59, 0.10, -2.02), Wall_Left (1)
(-4.42, 0.10, -0.18), (-2.59, 0.10, -2.02), Wall_Left (1)
(-4.42, 0.10, -0.18), (-2.59, 0.10, -2.02), Wall_Left (1)
(-4.42, 0.10, -0.18), (-2.59, 0.10, -2.02), Wall_Left (1)
(-4.42, 1.25, -0.18), (-2.59, 1.25, -2.02), Wall_Left (1)
(-4.42, 0.10, -0.18), (-2.59, 0.10, -2.02), Wall_Left (1)
(-4.42, 0.10, -0.18), (-2.59, 0.10, -2.02), Wall_Left (1)
(-4.42, 0.10, -0.18), (-2.59, 0.10, -2.02), Wall_Left (1)
(-4.42, 0.10, -0.18), (-2.59, 0.10, -2.02), Wall_Left (1)
(-4.42, 0.10, -0.18), (-2.59, 0.10, -2.02), Wall_Left (1)
(-4.42, 0.10, -0.18), (-2.59, 0.10, -2.02), Wall_Left (1)
(-4.42, 0.10, -0.18), (-2.59, 0.10, -2.02), Wall_Left (1)
(-4.42, 0.10, -0.18), (-2.59, 0.10, -2.02), Wall_Left (1)
(-4.42, 0.10, -0.18), (-2.59, 0.10, -2.02), Wall_Left (1)
(-4.42, 0.10, -0.18), (-2.59, 0.10, -2.02), Wall_Left (1)
(-4.42, 0.10, -0.18), (-2.59, 0.10, -2.02), Wall_Left (1)
(-4.42, 0.10, -0.18), (-2.59, 0.10, -2.02), Wall_Left (1)
(-4.42, 0.10, -0.18), (-2.59, 0.10, -2.02), Wall_Left (1)
(-4.42, 0.10, -0.18), (-2.59, 0.10, -2.02), Wall_Left (1)
(-4.42, 0.10, -0.18), (-2.59, 0.10, -2.02), Wall_Left (1)
(-4.42, 0.10, -0.18), (-2.59, 0.10, -2.02), Wall_Left (1)
(-4.42, 0.10, -0.18), (-2.59, 0.10, -2.02), Wall_Left (1)
(-4.42, 0.10, -0.18), (-2.59, 0.10, -2.02), Wall_Left (1)
(-4.42, 0.10, -0.18), (-2.59, 0.10, -2.02), Wall_Left (1)
(-4.42, 0.10, -0.18), (-2.59, 0.10, -2.02), Wall_Left (1)
(-4.42, 0.10, -0.18), (-2.59, 0.10, -2.02), Wall_Left (1)
(-4.42, 0.10, -0.18), (-2.59, 0.10, -2.02), Wall_Left (1)
(-4.42, 0.10, -0.18), (-2.59, 0.10, -2.02), Wall_Left (1)
(-4.42, 1.25, -0.18), (-2.59, 1.25, -2.02), Wall_Left (1)
(-4.42, 0.10, -0.18), (-2.59, 0.10, -2.02), Wall_Left (1)
(-4.42, 0.10, -0.18), (-2.59, 0.10, -2.02), Wall_Left (1)
(-4.42, 0.10, -0.18), (-2.59, 0.10, -2.02), Wall_Left (1)
(-4.42, 0.10, -0.18), (-2.59, 0.10, -2.02), Wall_Left (1)
(-4.42, 0.10, -0.18), (-2.59, 0.10, -2.02), Wall_Left (1)
(-4.42, 0.10, -0.18), (-2.59, 0.10, -2.02), Wall_Left (1)
(-4.42, 0.10, -0.18), (-2.59, 0.10, -2.02), Wall_Left (1)
(-4.42, 0.10, -0.18), (-2.59, 0.10, -2.02), Wall_Left (1)
(-4.42, 0.10, -0.18), (-2.59, 0.10, -2.02), Wall_Left (1)
(-4.42, 0.10, -0.18), (-2.59, 0.10, -2.02), Wall_Left (1)
(-4.42, 0.10, -0.18), (-2.59, 0.10, -2.02), Wall_Left (1)
(-4.42, 0.10, -0.18), (-2.59, 0.10, -2.02), Wall_Left (1)
(-4.42, 0.10, -0.18), (-2.59, 0.10, -2.02), Wall_Left (1)
(-4.42, 0.10, -0.18), (-2.59, 0.10, -2.02), Wall_Left (1)
(-4.42, 0.10, -0.18), (-2.59, 0.10, -2.02), Wall_Left (1)
(-4.42, 0.10, -0.18), (-2.59, 0.10, -2.02), Wall_Left (1)
(-4.42, 0.10, -0.18), (-2.59, 0.10, -2.02), Wall_Left (1)
(-4.42, 0.10, -0.18), (-2.59, 0.10, -2.02), Wall_Left (1)
(-4.42, 0.10, -0.18), (-2.59, 0.10, -2.02), Wall_Left (1)
(-4.42, 0.10, -0.18), (-2.59, 0.10, -2.02), Wall_Left (1)
(-4.42, 0.10, -0.18), (-2.59, 0.10, -2.02), Wall_Left (1)
(-4.42, 0.10, -0.18), (-2.59, 0.10, -2.02), Wall_Left (1)
(-4.42, 0.10, -0.18), (-2.59, 0.10, -2.02), Wall_Left (1)
(-4.42, 0.10, -0.18), (-2.59, 0.10, -2.02), Wall_Left (1)
(-4.42, 0.10, -0.18), (-2.59, 0.10, -2.02), Wall_Left (1)
(-4.42, 0.10, -0.18), (-2.59, 0.10, -2.02), Wall_Left (1)
(-4.42, 0.10, -0.18), (-2.59, 0.10, -2.02), Wall_Left (1)
(-4.42, 0.10, -0.18), (-2.59, 0.10, -2.02), Wall_Left (1)
(-4.42, 0.10, -0.18), (-2.59, 0.10, -2.02), Wall_Left (1)
(-4.42, 0.10, -0.18), (-2.59, 0.10, -2.02), Wall_Left (1)
(-4.42, 0.10, -0.18), (-2.59, 0.10, -2.02), Wall_Left (1)
(-4.42, 0.10, -0.18), (-2.59, 0.10, -2.02), Wall_Left (1)
(-4.42, 0.10, -0.18), (-2.59, 0.10, -2.02), Wall_Left (1)
(-4.42, 0.10, -0.18), (-2.59, 0.10, -2.02), Wall_Left (1)
(-4.42, 0.10, -0.18), (-2.59, 0.10, -2.02), Wall_Left (1)
(-4.42, 0.10, -0.18), (-2.59, 0.10, -2.02), Wall_Left (1)
(-4.42, 0.10, -0.18), (-2.59, 0.10, -2.02), Wall_Left (1)
(-4.42, 0.10, -0.18), (-2.59, 0.10, -2.02), Wall_Left (1)
(-4.42, 0.10, -0.18), (-2.59, 0.10, -2.02), Wall_Left (1)
(-4.42, 0.10, -0.18), (-2.59, 0.10, -2.02), Wall_Left (1)
(-4.42, 0.10, -0.18), (-2.59, 0.10, -2.02), Wall_Left (1)
(-4.42, 0.10, -0.18), (-2.59, 0.10, -2.02), Wall_Left (1)
(-4.42, 0.10, -0.18), (-2.59, 0.10, -2.02), Wall_Left (1)
(-4.42, 0.10, -0.18), (-2.59, 0.10, -2.02), Wall_Left (1)
(-4.42, 0.10, -0.18), (-2.59, 0.10, -2.02), Wall_Left (1)
(-4.42, 0.10, -0.18), (-2.59, 0.10, -2.02), Wall_Left (1)
(-4.42, 0.10, -0.18), (-2.59, 0.10, -2.02), Wall_Left (1)
(-4.42, 0.10, -0.18), (-2.59, 0.10, -2.02), Wall_Left (1)
(-4.42, 0.10, -0.18), (-2.59, 0.10, -2.02), Wall_Left (1)
(-4.42, 0.10, -0.18), (-2.59, 0.10, -2.02), Wall_Left (1)
(-4.42, 0.10, -0.18), (-2.59, 0.10, -2.02), Wall_Left (1)
(-4.42, 0.10, -0.18), (-2.59, 0.10, -2.02), Wall_Left (1)
(-4.42, 0.10, -0.18), (-2.59, 0.10, -2.02), Wall_Left (1)
(-4.42, 0.10, -0.18), (-2.59, 0.10, -2.02), Wall_Left (1)
(-4.42, 0.10, -0.18), (-2.59, 0.10, -2.02), Wall_Left (1)
(-4.42, 0.10, -0.18), (-2.59, 0.10, -2.02), Wall_Left (1)
(-4.42, 0.10, -0.18), (-2.59, 0.10, -2.02), Wall_Left (1)
(-4.42, 0.10, -0.18), (-2.59, 0.10, -2.02), Wall_Left (1)
(-4.42, 0.10, -0.18), (-2.59, 0.10, -2.02), Wall_Left (1)
(-4.42, 1.25, -0.18), (-2.59, 1.25, -2.02), Wall_Left (1)
(-4.42, 0.10, -0.18), (-2.59, 0.10, -2.02), Wall_Left (1)
(-4.42, 0.10, -0.18), (-2.59, 0.10, -2.02), Wall_Left (1)
(-4.42, 0.10, -0.18), (-2.59, 0.10, -2.02), Wall_Left (1)
(-4.42, 0.10, -0.18), (-2.59, 0.10, -2.02), Wall_Left (1)
(-4.42, 0.10, -0.18), (-2.59, 0.10, -2.02), Wall_Left (1)
(-4.42, 0.10, -0.18), (-2.59, 0.10, -2.02), Wall_Left (1)
(-4.42, 0.10, -0.18), (-2.59, 0.10, -2.02), Wall_Left (1)
(-4.42, 0.10, -0.18), (-2.59, 0.10, -2.02), Wall_Left (1)
(-4.42, 0.10, -0.18), (-2.59, 0.10, -2.02), Wall_Left (1)
(-4.42, 0.10, -0.18), (-2.59, 0.10, -2.02), Wall_Left (1)
(-4.42, 0.10, -0.18), (-2.59, 0.10, -2.02), Wall_Left (1)
(-4.42, 0.10, -0.18), (-2.59, 0.10, -2.02), Wall_Left (1)
(-4.42, 0.10, -0.18), (-2.59, 0.10, -2.02), Wall_Left (1)
(-4.42, 0.10, -0.18), (-2.59, 0.10, -2.02), Wall_Left (1)
(-4.42, 0.10, -0.18), (-2.59, 0.10, -2.02), Wall_Left (1)
(-4.42, 0.10, -0.18), (-2.59, 0.10, -2.02), Wall_Left (1)
(-4.42, 0.10, -0.18), (-2.59, 0.10, -2.02), Wall_Left (1)
(-4.42, 0.10, -0.18), (-2.59, 0.10, -2.02), Wall_Left (1)
(-4.42, 0.10, -0.18), (-2.59, 0.10, -2.02), Wall_Left (1)
(-4.42, 0.10, -0.18), (-2.59, 0.10, -2.02), Wall_Left (1)
(-4.42, 0.10, -0.18), (-2.59, 0.10, -2.02), Wall_Left (1)
(-4.42, 0.10, -0.18), (-2.59, 0.10, -2.02), Wall_Left (1)
(-4.42, 0.10, -0.18), (-2.59, 0.10, -2.02), Wall_Left (1)
(-4.42, 0.10, -0.18), (-2.59, 0.10, -2.02), Wall_Left (1)
(-4.42, 0.10, -0.18), (-2.59, 0.10, -2.02), Wall_Left (1)
(-4.42, 0.10, -0.18), (-2.59, 0.10, -2.02), Wall_Left (1)
(-4.42, 0.10, -0.18), (-2.59, 0.10, -2.02), Wall_Left (1)
(-4.42, 0.10, -0.18), (-2.59, 0.10, -2.02), Wall_Left (1)
(-4.42, 0.10, -0.18), (-2.59, 0.10, -2.02), Wall_Left (1)
(-4.42, 0.10, -0.18), (-2.59, 0.10, -2.02), Wall_Left (1)
(-4.42, 0.10, -0.18), (-2.59, 0.10, -2.02), Wall_Left (1)
(-4.42, 0.10, -0.18), (-2.59, 0.10, -2.02), Wall_Left (1)
(-4.42, 0.10, -0.18), (-2.59, 0.10, -2.02), Wall_Left (1)
(-4.42, 0.10, -0.18), (-2.59, 0.10, -2.02), Wall_Left (1)
(-4.42, 0.10, -0.18), (-2.59, 0.10, -2.02), Wall_Left (1)
(-4.42, 0.10, -0.18), (-2.59, 0.10, -2.02), Wall_Left (1)
(-4.42, 0.10, -0.18), (-2.59, 0.10, -2.02), Wall_Left (1)
(-4.42, 0.10, -0.18), (-2.59, 0.10, -2.02), Wall_Left (1)
(-4.42, 0.10, -0.18), (-2.59, 0.10, -2.02), Wall_Left (1)
(-4.42, 0.10, -0.18), (-2.59, 0.10, -2.02), Wall_Left (1)
(-4.42, 0.10, -0.18), (-2.59, 0.10, -2.02), Wall_Left (1)
(-4.42, 0.10, -0.18), (-2.59, 0.10, -2.02), Wall_Left (1)
(-4.42, 0.10, -0.18), (-2.59, 0.10, -2.02), Wall_Left (1)
(-4.42, 0.10, -0.18), (-2.59, 0.10, -2.02), Wall_Left (1)
(-4.42, 0.10, -0.18), (-2.59, 0.10, -2.02), Wall_Left (1)
(-4.42, 0.10, -0.18), (-2.59, 0.10, -2.02), Wall_Left (1)
(-4.42, 0.10, -0.18), (-2.59, 0.10, -2.02), Wall_Left (1)
(-4.42, 0.10, -0.18), (-2.59, 0.10, -2.02), Wall_Left (1)
(-4.42, 0.10, -0.18), (-2.59, 0.10, -2.02), Wall_Left (1)
(-4.42, 0.10, -0.18), (-2.59, 0.10, -2.02), Wall_Left (1)
(-4.42, 0.10, -0.18), (-2.59, 0.10, -2.02), Wall_Left (1)
(-4.42, 0.10, -0.18), (-2.59, 0.10, -2.02), Wall_Left (1)
(-4.42, 0.10, -0.18), (-2.59, 0.10, -2.02), Wall_Left (1)
(-4.42, 0.10, -0.18), (-2.59, 0.10, -2.02), Wall_Left (1)
(-4.42, 0.10, -0.18), (-2.59, 0.10, -2.02), Wall_Left (1)
(-4.42, 0.10, -0.18), (-2.59, 0.10, -2.02), Wall_Left (1)
(-4.42, 0.10, -0.18), (-2.59, 0.10, -2.02), Wall_Left (1)
(-4.42, 0.10, -0.18), (-2.59, 0.10, -2.02), Wall_Left (1)
(-4.42, 0.10, -0.18), (-2.59, 0.10, -2.02), Wall_Left (1)
(-4.42, 0.10, -0.18), (-2.59, 0.10, -2.02), Wall_Left (1)
(-4.42, 0.10, -0.18), (-2.59, 0.10, -2.02), Wall_Left (1)
(-4.42, 0.10, -0.18), (-2.59, 0.10, -2.02), Wall_Left (1)
(-4.42, 0.10, -0.18), (-2.59, 0.10, -2.02), Wall_Left (1)
(-4.42, 0.10, -0.18), (-2.59, 0.10, -2.02), Wall_Left (1)
(-4.42, 0.10, -0.18), (-2.59, 0.10, -2.02), Wall_Left (1)
(-4.42, 0.10, -0.18), (-2.59, 0.10, -2.02), Wall_Left (1)
(-4.42, 0.10, -0.18), (-2.59, 0.10, -2.02), Wall_Left (1)
(-4.42, 0.10, -0.18), (-2.59, 0.10, -2.02), Wall_Left (1)
(-4.42, 0.10, -0.18), (-2.59, 0.10, -2.02), Wall_Left (1)
(-4.42, 0.10, -0.18), (-2.59, 0.10, -2.02), Wall_Left (1)
(-4.42, 0.10, -0.18), (-2.59, 0.10, -2.02), Wall_Left (1)
(-4.42, 0.10, -0.18), (-2.59, 0.10, -2.02), Wall_Left (1)
(-4.42, 0.10, -0.18), (-2.59, 0.10, -2.02), Wall_Left (1)
(-4.42, 0.10, -0.18), (-2.59, 0.10, -2.02), Wall_Left (1)
(-4.42, 0.10, -0.18), (-2.59, 0.10, -2.02), Wall_Left (1)
(-4.42, 0.10, -0.18), (-2.59, 0.10, -2.02), Wall_Left (1)
(-4.42, 0.10, -0.18), (-2.59, 0.10, -2.02), Wall_Left (1)
(-4.42, 0.10, -0.18), (-2.59, 0.10, -2.02), Wall_Left (1)
(-4.42, 0.10, -0.18), (-2.59, 0.10, -2.02), Wall_Left (1)
(-4.42, 0.10, -0.18), (-2.59, 0.10, -2.02), Wall_Left (1)
(-4.42, 0.10, -0.18), (-2.59, 0.10, -2.02), Wall_Left (1)
(-4.42, 0.10, -0.18), (-2.59, 0.10, -2.02), Wall_Left (1)
(-4.42, 0.10, -0.18), (-2.59, 0.10, -2.02), Wall_Left (1)
(-4.42, 0.10, -0.18), (-2.59, 0.10, -2.02), Wall_Left (1)
(-4.42, 0.10, -0.18), (-2.59, 0.10, -2.02), Wall_Left (1)
(-4.42, 0.10, -0.18), (-2.59, 0.10, -2.02), Wall_Left (1)
(-4.42, 0.10, -0.18), (-2.59, 0.10, -2.02), Wall_Left (1)
(-4.42, 0.10, -0.18), (-2.59, 0.10, -2.02), Wall_Left (1)
(-4.42, 0.10, -0.18), (-2.59, 0.10, -2.02), Wall_Left (1)
(-4.42, 0.10, -0.18), (-2.59, 0.10, -2.02), Wall_Left (1)
(-4.42, 0.10, -0.18), (-2.59, 0.10, -2.02), Wall_Left (1)
(-4.42, 0.10, -0.18), (-2.59, 0.10, -2.02), Wall_Left (1)
(-4.42, 1.25, -0.18), (-2.59, 1.25, -2.02), Wall_Left (1)
(-4.42, 0.10, -0.18), (-2.59, 0.10, -2.02), Wall_Left (1)
(-4.42, 0.10, -0.18), (-2.59, 0.10, -2.02), Wall_Left (1)
(-4.42, 0.10, -0.18), (-2.59, 0.10, -2.02), Wall_Left (1)
(-4.42, 0.10, -0.18), (-2.59, 0.10, -2.02), Wall_Left (1)
(-4.42, 0.10, -0.18), (-2.59, 0.10, -2.02), Wall_Left (1)
(-4.42, 0.10, -0.18), (-2.59, 0.10, -2.02), Wall_Left (1)
(-4.42, 0.10, -0.18), (-2.59, 0.10, -2.02), Wall_Left (1)
(-4.42, 0.10, -0.18), (-2.59, 0.10, -2.02), Wall_Left (1)
(-4.42, 0.10, -0.18), (-2.59, 0.10, -2.02), Wall_Left (1)
(-4.42, 0.10, -0.18), (-2.59, 0.10, -2.02), Wall_Left (1)
(-4.42, 0.10, -0.18), (-2.59, 0.10, -2.02), Wall_Left (1)
(-4.42, 0.10, -0.18), (-2.59, 0.10, -2.02), Wall_Left (1)
(-4.42, 0.10, -0.18), (-2.59, 0.10, -2.02), Wall_Left (1)
(-4.42, 0.10, -0.18), (-2.59, 0.10, -2.02), Wall_Left (1)
(-4.42, 0.10, -0.18), (-2.59, 0.10, -2.02), Wall_Left (1)
(-4.42, 0.10, -0.18), (-2.59, 0.10, -2.02), Wall_Left (1)
(-4.42, 0.10, -0.18), (-2.59, 0.10, -2.02), Wall_Left (1)
(-4.42, 0.10, -0.18), (-2.59, 0.10, -2.02), Wall_Left (1)
(-4.42, 0.10, -0.18), (-2.59, 0.10, -2.02), Wall_Left (1)
(-4.42, 0.10, -0.18), (-2.59, 0.10, -2.02), Wall_Left (1)
(-4.42, 0.10, -0.18), (-2.59, 0.10, -2.02), Wall_Left (1)
(-4.42, 0.10, -0.18), (-2.59, 0.10, -2.02), Wall_Left (1)
(-4.42, 0.10, -0.18), (-2.59, 0.10, -2.02), Wall_Left (1)
(-4.42, 1.25, -0.18), (-2.59, 1.25, -2.02), Wall_Left (1)
(-4.42, 0.10, -0.18), (-2.59, 0.10, -2.02), Wall_Left (1)
(-4.42, 0.10, -0.18), (-2.59, 0.10, -2.02), Wall_Left (1)
(-4.42, 0.10, -0.18), (-2.59, 0.10, -2.02), Wall_Left (1)
(-4.42, 0.10, -0.18), (-2.59, 0.10, -2.02), Wall_Left (1)
(-4.42, 0.10, -0.18), (-2.59, 0.10, -2.02), Wall_Left (1)
(-4.42, 0.10, -0.18), (-2.59, 0.10, -2.02), Wall_Left (1)
(-4.42, 0.10, -0.18), (-2.59, 0.10, -2.02), Wall_Left (1)
(-4.42, 0.10, -0.18), (-2.59, 0.10, -2.02), Wall_Left (1)
(-4.42, 0.10, -0.18), (-2.59, 0.10, -2.02), Wall_Left (1)
(-4.42, 0.10, -0.18), (-2.59, 0.10, -2.02), Wall_Left (1)
(-4.42, 0.10, -0.18), (-2.59, 0.10, -2.02), Wall_Left (1)
(-4.42, 0.10, -0.18), (-2.59, 0.10, -2.02), Wall_Left (1)
(-4.42, 0.10, -0.18), (-2.59, 0.10, -2.02), Wall_Left (1)
(-4.42, 0.10, -0.18), (-2.59, 0.10, -2.02), Wall_Left (1)
(-4.42, 0.10, -0.18), (-2.59, 0.10, -2.02), Wall_Left (1)
(-4.42, 0.10, -0.18), (-2.59, 0.10, -2.02), Wall_Left (1)
(-4.42, 0.10, -0.18), (-2.59, 0.10, -2.02), Wall_Left (1)
(-4.42, 0.10, -0.18), (-2.59, 0.10, -2.02), Wall_Left (1)
(-4.42, 0.10, -0.18), (-2.59, 0.10, -2.02), Wall_Left (1)
(-4.42, 0.10, -0.18), (-2.59, 0.10, -2.02), Wall_Left (1)
(-4.42, 0.10, -0.18), (-2.59, 0.10, -2.02), Wall_Left (1)
(-4.42, 0.10, -0.18), (-2.59, 0.10, -2.02), Wall_Left (1)
(-4.42, 0.10, -0.18), (-2.59, 0.10, -2.02), Wall_Left (1)
(-4.42, 0.10, -0.18), (-2.59, 0.10, -2.02), Wall_Left (1)
(-4.42, 0.10, -0.18), (-2.59, 0.10, -2.02), Wall_Left (1)
(-4.42, 0.10, -0.18), (-2.59, 0.10, -2.02), Wall_Left (1)
(-4.42, 0.10, -0.18), (-2.59, 0.10, -2.02), Wall_Left (1)
(-4.42, 0.10, -0.18), (-2.59, 0.10, -2.02), Wall_Left (1)
(-4.42, 0.10, -0.18), (-2.59, 0.10, -2.02), Wall_Left (1)
(-4.42, 0.10, -0.18), (-2.59, 0.10, -2.02), Wall_Left (1)
(-4.42, 0.10, -0.18), (-2.59, 0.10, -2.02), Wall_Left (1)
(-4.42, 0.10, -0.18), (-2.59, 0.10, -2.02), Wall_Left (1)
(-4.42, 0.10, -0.18), (-2.59, 0.10, -2.02), Wall_Left (1)
(-4.42, 0.10, -0.18), (-2.59, 0.10, -2.02), Wall_Left (1)
(-4.42, 0.10, -0.18), (-2.59, 0.10, -2.02), Wall_Left (1)
(-4.42, 0.10, -0.18), (-2.59, 0.10, -2.02), Wall_Left (1)
(-4.42, 0.10, -0.18), (-2.59, 0.10, -2.02), Wall_Left (1)
(-4.42, 0.10, -0.18), (-2.59, 0.10, -2.02), Wall_Left (1)
(-4.42, 0.10, -0.18), (-2.59, 0.10, -2.02), Wall_Left (1)
(-4.42, 0.10, -0.18), (-2.59, 0.10, -2.02), Wall_Left (1)
(-4.42, 0.10, -0.18), (-2.59, 0.10, -2.02), Wall_Left (1)
(-4.42, 0.10, -0.18), (-2.59, 0.10, -2.02), Wall_Left (1)
(-4.42, 0.10, -0.18), (-2.59, 0.10, -2.02), Wall_Left (1)
(-4.42, 0.10, -0.18), (-2.59, 0.10, -2.02), Wall_Left (1)
(-4.42, 0.10, -0.18), (-2.59, 0.10, -2.02), Wall_Left (1)
(-4.42, 0.10, -0.18), (-2.59, 0.10, -2.02), Wall_Left (1)
(-4.42, 0.10, -0.18), (-2.59, 0.10, -2.02), Wall_Left (1)
(-4.42, 0.10, -0.18), (-2.59, 0.10, -2.02), Wall_Left (1)
(-4.42, 0.10, -0.18), (-2.59, 0.10, -2.02), Wall_Left (1)
(-4.42, 0.10, -0.18), (-2.59, 0.10, -2.02), Wall_Left (1)
(-4.42, 0.10, -0.18), (-2.59, 0.10, -2.02), Wall_Left (1)
(-4.42, 0.10, -0.18), (-2.59, 0.10, -2.02), Wall_Left (1)
(-4.42, 0.10, -0.18), (-2.59, 0.10, -2.02), Wall_Left (1)
(-4.42, 0.10, -0.18), (-2.59, 0.10, -2.02), Wall_Left (1)
(-4.42, 0.10, -0.18), (-2.59, 0.10, -2.02), Wall_Left (1)
(-4.42, 0.10, -0.18), (-2.59, 0.10, -2.02), Wall_Left (1)
(-4.42, 0.10, -0.18), (-2.59, 0.10, -2.02), Wall_Left (1)
(-4.42, 0.10, -0.18), (-2.59, 0.10, -2.02), Wall_Left (1)
(-4.42, 0.10, -0.18), (-2.59, 0.10, -2.02), Wall_Left (1)
(-4.42, 0.10, -0.18), (-2.59, 0.10, -2.02), Wall_Left (1)
(-4.42, 0.10, -0.18), (-2.59, 0.10, -2.02), Wall_Left (1)
(-4.42, 0.10, -0.18), (-2.59, 0.10, -2.02), Wall_Left (1)
(-4.42, 0.10, -0.18), (-2.59, 0.10, -2.02), Wall_Left (1)
(-4.42, 0.10, -0.18), (-2.59, 0.10, -2.02), Wall_Left (1)
(-4.42, 0.10, -0.18), (-2.59, 0.10, -2.02), Wall_Left (1)
(-4.42, 0.10, -0.18), (-2.59, 0.10, -2.02), Wall_Left (1)
(-4.42, 0.10, -0.18), (-2.59, 0.10, -2.02), Wall_Left (1)
(-4.42, 0.10, -0.18), (-2.59, 0.10, -2.02), Wall_Left (1)
(-4.42, 0.10, -0.18), (-2.59, 0.10, -2.02), Wall_Left (1)
(-4.42, 0.10, -0.18), (-2.59, 0.10, -2.02), Wall_Left (1)
(-4.42, 0.10, -0.18), (-2.59, 0.10, -2.02), Wall_Left (1)
(-4.42, 0.10, -0.18), (-2.59, 0.10, -2.02), Wall_Left (1)
(-4.42, 0.10, -0.18), (-2.59, 0.10, -2.02), Wall_Left (1)
(-4.42, 0.10, -0.18), (-2.59, 0.10, -2.02), Wall_Left (1)
(-4.42, 0.10, -0.18), (-2.59, 0.10, -2.02), Wall_Left (1)
(-4.42, 0.10, -0.18), (-2.59, 0.10, -2.02), Wall_Left (1)
(-4.42, 0.10, -0.18), (-2.59, 0.10, -2.02), Wall_Left (1)
(-4.42, 0.10, -0.18), (-2.59, 0.10, -2.02), Wall_Left (1)
(-4.42, 0.10, -0.18), (-2.59, 0.10, -2.02), Wall_Left (1)
(-4.42, 0.10, -0.18), (-2.59, 0.10, -2.02), Wall_Left (1)
(-4.42, 0.10, -0.18), (-2.59, 0.10, -2.02), Wall_Left (1)
(-4.42, 0.10, -0.18), (-2.59, 0.10, -2.02), Wall_Left (1)
(-4.42, 0.10, -0.18), (-2.59, 0.10, -2.02), Wall_Left (1)
(-4.42, 0.10, -0.18), (-2.59, 0.10, -2.02), Wall_Left (1)
(-4.42, 0.10, -0.18), (-2.59, 0.10, -2.02), Wall_Left (1)
(-4.42, 0.10, -0.18), (-2.59, 0.10, -2.02), Wall_Left (1)
(-4.42, 1.25, -0.18), (-2.59, 1.25, -2.02), Wall_Left (1)
(-4.42, 0.10, -0.18), (-2.59, 0.10, -2.02), Wall_Left (1)
(-4.42, 0.10, -0.18), (-2.59, 0.10, -2.02), Wall_Left (1)
(-4.42, 0.10, -0.18), (-2.59, 0.10, -2.02), Wall_Left (1)
(-4.42, 0.10, -0.18), (-2.59, 0.10, -2.02), Wall_Left (1)
(-4.42, 0.10, -0.18), (-2.59, 0.10, -2.02), Wall_Left (1)
(-4.42, 0.10, -0.18), (-2.59, 0.10, -2.02), Wall_Left (1)
(-4.42, 0.10, -0.18), (-2.59, 0.10, -2.02), Wall_Left (1)
(-4.42, 0.10, -0.18), (-2.59, 0.10, -2.02), Wall_Left (1)
(-4.42, 0.10, -0.18), (-2.59, 0.10, -2.02), Wall_Left (1)
(-4.42, 0.10, -0.18), (-2.59, 0.10, -2.02), Wall_Left (1)
(-4.42, 0.10, -0.18), (-2.59, 0.10, -2.02), Wall_Left (1)
(-4.42, 0.10, -0.18), (-2.59, 0.10, -2.02), Wall_Left (1)
(-4.42, 1.25, -0.18), (-2.59, 1.25, -2.02), Wall_Left (1)
(-4.42, 0.10, -0.18), (-2.59, 0.10, -2.02), Wall_Left (1)
(-4.42, 0.10, -0.18), (-2.59, 0.10, -2.02), Wall_Left (1)
(-4.42, 0.10, -0.18), (-2.59, 0.10, -2.02), Wall_Left (1)
(-4.42, 0.10, -0.18), (-2.59, 0.10, -2.02), Wall_Left (1)
(-4.42, 0.10, -0.18), (-2.59, 0.10, -2.02), Wall_Left (1)
(-1.88, 1.15, 0.68), (-0.34, 1.15, -0.86), Model ship
(-1.88, 1.15, 0.68), (-0.34, 1.15, -0.86), Model ship
(-1.88, 1.15, 0.68), (-0.34, 1.15, -0.86), Model ship
(-1.88, 1.15, 0.68), (-0.34, 1.15, -0.86), Model ship
(-1.88, 1.15, 0.68), (-0.34, 1.15, -0.86), Model ship
(-1.88, 1.15, 0.68), (-0.34, 1.15, -0.86), Model ship
(-1.83, 0.75, 2.68), (-2.64, 0.00, 1.79), Ground
(-1.81, 0.76, 2.70), (-2.66, 0.07, 1.85), back wall
(-1.80, 0.78, 2.68), (-2.66, 0.17, 1.80), back wall
(-1.83, 0.78, 2.59), (-2.46, 0.00, 1.49), Ground
(-1.75, 0.84, 2.56), (-2.19, 0.00, 2.03), Ground
(-1.65, 1.12, 2.58), (-2.52, -0.03, 2.67), Grid
(-1.58, 1.24, 2.53), (-2.66, 0.52, 2.76), back wall
(-1.57, 1.29, 2.43), (-2.66, 1.00, 2.06), back wall
(-1.52, 1.29, 2.41), (-2.66, 0.76, 0.00), back wall
(-1.49, 1.30, 2.42), (-0.66, 0.84, -2.44), Right wall
(-1.49, 1.31, 2.42), (-0.82, 1.38, -2.37), Ship height menu
(-1.43, 1.30, 2.43), (-0.34, 1.07, 0.58), Model ship
(-1.46, 1.28, 2.40), (-0.37, 0.00, -1.36), Ground
(-1.70, 1.06, 2.34), (-0.99, 0.00, 2.30), Ground
(-1.80, 0.83, 2.42), (-1.63, 0.00, 0.65), Ground
(-1.80, 0.79, 2.51), (-2.11, 0.00, 0.77), Ground
(-1.83, 0.77, 2.53), (-2.12, 0.00, 0.90), Ground
(-1.84, 0.77, 2.52), (-2.14, 0.00, 0.86), Ground
(-1.85, 0.78, 2.51), (-2.15, 0.00, 0.85), Ground
(-1.85, 0.78, 2.51), (-2.15, 0.00, 0.84), Ground
(-1.85, 0.78, 2.51), (-2.15, 0.00, 0.84), Ground
(-1.84, 0.77, 2.52), (-2.15, 0.00, 0.85), Ground
(-1.83, 0.77, 2.52), (-2.14, 0.00, 0.86), Ground
(-1.83, 0.77, 2.53), (-2.13, 0.00, 0.87), Ground
(-1.83, 0.77, 2.52), (-2.13, 0.00, 0.86), Ground
(-1.84, 0.77, 2.52), (-2.14, 0.00, 0.86), Ground
(-1.84, 0.77, 2.52), (-2.14, 0.00, 0.86), Ground
(-1.83, 0.77, 2.52), (-2.13, 0.00, 0.87), Ground
(-1.83, 0.77, 2.52), (-2.12, 0.00, 0.87), Ground
(-1.83, 0.77, 2.52), (-2.13, 0.00, 0.88), Ground
(-1.83, 0.77, 2.52), (-2.13, 0.00, 0.87), Ground
(-1.83, 0.77, 2.52), (-2.13, 0.00, 0.88), Ground
(-1.83, 0.77, 2.52), (-2.13, 0.00, 0.88), Ground
(-1.83, 0.77, 2.52), (-2.13, 0.00, 0.88), Ground
(-1.83, 0.77, 2.52), (-2.13, 0.00, 0.88), Ground
(-1.83, 0.77, 2.52), (-2.13, 0.00, 0.89), Ground
(-1.83, 0.77, 2.52), (-2.13, 0.00, 0.89), Ground
(-1.83, 0.77, 2.52), (-2.12, 0.00, 0.89), Ground
(-1.84, 0.77, 2.51), (-2.14, 0.00, 0.88), Ground
(-1.84, 0.77, 2.51), (-2.14, 0.00, 0.87), Ground
(-1.84, 0.77, 2.51), (-2.14, 0.00, 0.87), Ground
(-1.84, 0.77, 2.52), (-2.14, 0.00, 0.87), Ground
(-1.84, 0.77, 2.51), (-2.14, 0.00, 0.87), Ground
(-1.84, 0.77, 2.51), (-2.14, 0.00, 0.86), Ground
(-1.84, 0.78, 2.51), (-2.13, 0.00, 0.85), Ground
(-1.84, 0.78, 2.51), (-2.14, 0.00, 0.85), Ground
(-4.42, 1.25, -0.18), (-2.59, 1.25, -2.02), Wall_Left (1)
(-4.42, 0.10, -0.18), (-2.59, 0.10, -2.02), Wall_Left (1)
(-4.42, 0.10, -0.18), (-2.59, 0.10, -2.02), Wall_Left (1)
(-4.42, 0.10, -0.18), (-2.59, 0.10, -2.02), Wall_Left (1)
(-4.42, 0.10, -0.18), (-2.59, 0.10, -2.02), Wall_Left (1)
(-4.42, 0.10, -0.18), (-2.59, 0.10, -2.02), Wall_Left (1)
(-4.42, 0.10, -0.18), (-2.59, 0.10, -2.02), Wall_Left (1)
(-4.52, 0.02, -0.59), (-4.46, 0.00, -0.60), Terrain
(-4.59, 0.14, -0.46), (-4.05, 0.00, -0.64), Terrain
(-4.52, 0.06, -0.44), (-2.62, 0.00, -0.91), Terrain
(-4.57, 0.09, -0.38), (3.56, 1.93, -2.01), Wall_Left (3)
(-4.64, 0.09, -0.37), (-0.98, 0.90, -2.02), Wall_Left (1)
(-4.67, 0.09, -0.30), (-3.71, 0.63, -2.02), Wall_Left (1)
(-4.71, 0.09, -0.22), (-4.60, 1.37, -2.02), Wall_Left (1)
(-4.85, 0.07, -0.42), (-4.87, 0.00, -0.60), Terrain
(-4.42, 1.48, -0.18), (-2.59, 1.48, -2.02), Wall_Left (1)
(-4.15, 1.52, 1.18), (-4.53, 1.29, 0.65), Wall_Back
(-4.08, 1.56, 1.20), (-4.53, 1.22, 0.57), Wall_Back
(-3.95, 1.53, 1.29), (-4.53, 0.94, 0.57), Wall_Back
(-3.91, 1.54, 1.29), (-4.53, 1.42, 0.36), Wall_Back
(-3.83, 1.54, 1.28), (-3.38, 1.05, -2.02), Wall_Left (1)
(-3.83, 1.57, 1.28), (-0.57, 0.99, -2.02), Wall_Left (1)
(-3.91, 1.56, 1.25), (-1.11, 0.51, -2.02), Wall_Left (1)
(-3.92, 1.57, 1.20), (-0.63, 0.71, -2.02), Wall_Left (1)
(-3.92, 1.56, 1.29), (2.77, 0.57, -2.01), Wall_Left (3)
(-3.91, 1.56, 1.30), (-0.87, 1.32, 1.95), Wall_Left
(-3.98, 1.57, 1.22), (-3.62, 1.41, -2.02), Wall_Left (1)
(-4.05, 1.55, 1.31), (-4.53, 1.43, 1.32), Wall_Back
(-4.00, 1.54, 1.32), (-4.53, 1.30, 1.49), Wall_Back
(-4.07, 1.53, 1.29), (-4.53, 1.27, 1.28), Wall_Back
(-4.23, 1.54, 1.25), (-4.53, 1.46, 1.21), Wall_Back
(-4.31, 1.55, 1.25), (-4.53, 1.52, 1.26), Wall_Back
(-4.37, 1.55, 1.25), (-4.53, 1.53, 1.28), Wall_Back
(-4.43, 1.54, 1.24), (-4.53, 1.53, 1.25), Wall_Back
(-4.47, 1.53, 1.26), (-4.53, 1.52, 1.27), Wall_Back
(-4.49, 1.53, 1.27), (-4.53, 1.52, 1.28), Wall_Back
(-4.49, 1.53, 1.26), (-4.53, 1.52, 1.27), Wall_Back
(-4.48, 1.53, 1.26), (-4.53, 1.52, 1.28), Wall_Back
(-4.46, 1.53, 1.29), (-4.53, 1.51, 1.32), Wall_Back
(-4.43, 1.53, 1.34), (-4.53, 1.49, 1.39), Wall_Back
(-4.36, 1.54, 1.30), (-4.53, 1.49, 1.35), Wall_Back
(-4.25, 1.56, 1.17), (-4.53, 1.47, 1.03), Wall_Back
(-4.12, 1.56, 1.15), (-4.53, 1.41, 0.58), Wall_Back
(-4.07, 1.57, 1.14), (-4.53, 1.04, -1.58), Wall_Back
(-4.06, 1.56, 1.10), (-3.75, 0.67, -2.02), Wall_Left (1)
(-4.05, 1.59, 1.01), (-0.09, 1.88, -2.02), Wall_Left (1)
(-4.01, 1.58, 0.89), (0.16, 1.64, -2.02), Wall_Left (1)
(-3.98, 1.59, 0.91), (-0.12, 1.61, -2.02), Wall_Left (1)
(-3.82, 1.55, 0.61), (-0.50, 0.58, -2.02), Wall_Left (1)
(-3.76, 1.65, 0.47), (-0.53, 0.34, -2.02), Wall_Left (1)
(-3.73, 1.89, 0.51), (-1.64, 0.00, -1.42), Terrain
(-3.70, 2.09, 0.66), (-2.16, 0.00, -1.12), Terrain
(-3.65, 2.13, 0.73), (-1.49, 0.00, -0.97), Terrain
(-3.64, 2.14, 0.66), (-1.53, 0.00, -1.39), Terrain
(-3.71, 2.14, 0.42), (-0.49, 0.00, -0.53), Terrain
(-3.72, 2.14, 0.24), (-0.48, 0.00, -0.55), Terrain
(-3.70, 2.14, 0.16), (-0.44, 0.00, -0.23), Terrain
(-3.73, 2.12, 0.08), (-0.70, 0.00, -0.85), Terrain
(-3.73, 2.08, 0.29), (-1.51, 0.00, -1.09), Terrain
(-3.71, 2.06, 0.41), (-1.19, 0.00, -1.18), Terrain
(-3.67, 2.04, 0.45), (-1.40, 0.00, -0.51), Terrain
(-3.66, 2.07, 0.44), (-0.97, 0.00, -0.31), Terrain
(-3.66, 2.06, 0.37), (-1.55, 0.00, -1.48), Terrain
(-3.68, 2.11, 0.38), (-1.21, 0.00, -1.56), Terrain
(-3.63, 2.09, 0.42), (-1.28, 0.00, -0.66), Terrain
(-3.63, 2.12, 0.45), (-0.43, 0.00, -0.08), Terrain
(-3.67, 2.10, 0.57), (-1.76, 0.00, 1.60), Terrain
(-3.71, 2.10, 0.64), (-3.54, 0.87, 1.95), Wall_Left
(-3.73, 2.07, 0.67), (-3.61, 0.39, 1.95), Wall_Left
(-3.72, 2.07, 0.70), (-3.25, 0.33, 1.95), Wall_Left
(-3.68, 2.07, 0.72), (-2.88, 0.10, 1.95), Wall_Left
(-3.67, 2.07, 0.73), (-2.76, 0.00, 1.86), Terrain
(-3.66, 2.09, 0.70), (-1.92, 0.00, 1.69), Terrain
(-3.77, 2.00, 0.73), (-2.20, 0.00, 1.48), Terrain
(-3.66, 2.03, 0.70), (-1.78, 0.00, 1.34), Terrain
(-3.65, 2.14, 0.49), (-0.33, 0.09, -1.26), Wall_Left (5)
(-3.73, 2.15, 0.30), (-0.72, 0.00, -0.91), Terrain
(-3.76, 2.14, 0.24), (-0.35, 0.23, -0.40), Wall_Left (5)
(-3.75, 2.14, 0.23), (-0.35, 0.08, -0.35), Wall_Left (5)
(-3.77, 2.15, 0.26), (1.53, 0.00, -0.52), Terrain
(-3.80, 2.16, 0.27), (1.26, 0.00, -0.74), Terrain
(-3.82, 2.15, 0.27), (-0.35, 0.45, -0.50), Wall_Left (5)
(-3.82, 2.14, 0.27), (-0.35, 0.29, -0.31), Wall_Left (5)
(-3.81, 2.15, 0.27), (-0.35, 0.44, -0.47), Wall_Left (5)
(-3.80, 2.15, 0.25), (-0.34, 0.36, -0.66), Wall_Left (5)
(-3.79, 2.15, 0.25), (-0.34, 0.50, -0.66), Wall_Left (5)
(-3.80, 2.14, 0.24), (-0.34, 0.26, -0.81), Wall_Left (5)
(-3.79, 2.14, 0.24), (-0.34, 0.19, -0.67), Wall_Left (5)
(-3.79, 2.14, 0.25), (-0.34, 0.31, -0.59), Wall_Left (5)
(-3.79, 2.16, 0.25), (1.19, 0.39, -0.94), Wall_Left (9)
(-3.79, 2.16, 0.25), (1.15, 0.21, -0.95), Wall_Left (9)
(-3.80, 2.14, 0.25), (-0.34, 0.14, -0.78), Wall_Left (5)
(-3.79, 2.14, 0.26), (-0.34, 0.32, -0.68), Wall_Left (5)
(-3.80, 2.17, 0.27), (4.73, 0.10, -0.91), Wall_Left (12)
(-3.78, 2.16, 0.26), (1.98, 0.10, -0.33), Wall_Left (8)
(-3.76, 2.14, 0.28), (0.47, 0.00, 0.05), Terrain
(-3.77, 2.14, 0.26), (-0.35, 0.41, -0.32), Wall_Left (5)
(-3.80, 2.14, 0.24), (-0.34, 0.48, -0.59), Wall_Left (5)
(-3.80, 2.14, 0.22), (-0.34, 0.31, -0.71), Wall_Left (5)
(-3.78, 2.13, 0.24), (-0.34, 0.09, -0.71), Wall_Left (5)
(-3.73, 2.12, 0.27), (-0.67, 0.00, -0.57), Terrain
(-3.74, 2.13, 0.27), (-0.53, 0.00, -0.35), Terrain
(-3.74, 2.14, 0.27), (0.70, 0.00, 0.04), Terrain
(-3.72, 2.14, 0.30), (-0.34, 0.22, -0.65), Wall_Left (5)
(-3.71, 2.13, 0.30), (-0.33, 0.08, -1.07), Wall_Left (5)
(-3.71, 2.13, 0.30), (-0.34, 0.06, -0.55), Wall_Left (5)
(-3.71, 2.13, 0.30), (-0.34, 0.16, -0.70), Wall_Left (5)
(-3.72, 2.15, 0.32), (1.64, 0.00, -0.84), Terrain
(-3.72, 2.15, 0.33), (1.18, 0.16, -0.94), Wall_Left (9)
(-3.72, 2.15, 0.33), (1.26, 0.38, -0.94), Wall_Left (9)
(-3.73, 2.15, 0.33), (1.42, 0.35, -0.94), Wall_Left (9)
(-3.73, 2.15, 0.34), (1.34, 0.38, -0.94), Wall_Left (9)
(-3.74, 2.16, 0.34), (1.55, 0.34, -0.94), Wall_Left (9)
(-3.74, 2.16, 0.35), (1.78, 0.30, -0.93), Wall_Left (9)
(-3.74, 2.16, 0.35), (1.66, 0.35, -0.93), Wall_Left (9)
(-3.74, 2.16, 0.35), (1.58, 0.37, -0.93), Wall_Left (9)
(-3.74, 2.16, 0.35), (1.68, 0.34, -0.93), Wall_Left (9)
(-3.75, 2.15, 0.35), (0.67, 0.33, -1.01), Wall_Left (9)
(-3.75, 2.15, 0.35), (0.66, 0.25, -0.98), Wall_Left (9)
(-3.75, 2.15, 0.35), (0.72, 0.24, -0.96), Wall_Left (9)
(-3.74, 2.15, 0.35), (1.26, 0.00, -1.25), Terrain
(-3.74, 2.15, 0.34), (1.25, 0.00, -1.60), Terrain
(-3.73, 2.15, 0.34), (1.25, 0.00, -1.53), Terrain
(-3.72, 2.14, 0.34), (-0.33, 0.52, -0.95), Wall_Left (5)
(-3.72, 2.14, 0.34), (-0.34, 0.44, -0.92), Wall_Left (5)
(-3.72, 2.14, 0.34), (-0.34, 0.43, -0.89), Wall_Left (5)
(-3.72, 2.14, 0.34), (-0.34, 0.46, -0.87), Wall_Left (5)
(-3.72, 2.14, 0.35), (-0.34, 0.15, -0.72), Wall_Left (5)
(-3.73, 2.13, 0.35), (-0.34, 0.11, -0.71), Wall_Left (5)
(-3.73, 2.14, 0.35), (-0.34, 0.31, -0.70), Wall_Left (5)
(-3.74, 2.13, 0.37), (-0.34, 0.19, -0.63), Wall_Left (5)
(-3.78, 2.14, 0.34), (-0.35, 0.01, -0.33), Wall_Left (5)
(-3.86, 2.14, 0.26), (-0.39, 0.00, -0.54), Terrain
(-3.87, 2.15, 0.25), (-0.35, 0.22, -0.47), Wall_Left (5)
(-3.89, 2.15, 0.25), (-0.35, 0.46, -0.31), Wall_Left (5)
(-3.89, 2.14, 0.25), (-0.35, 0.12, -0.49), Wall_Left (5)
(-3.89, 2.14, 0.25), (-0.35, 0.21, -0.20), Wall_Left (5)
(-3.88, 2.14, 0.25), (-0.35, 0.15, -0.38), Wall_Left (5)
(-3.88, 2.14, 0.26), (-0.35, 0.17, -0.31), Wall_Left (5)
(-3.89, 2.15, 0.26), (-0.35, 0.34, -0.26), Wall_Left (5)
(-3.89, 2.14, 0.25), (-0.34, 0.24, -0.55), Wall_Left (5)
(-3.89, 2.14, 0.25), (-0.34, 0.23, -0.55), Wall_Left (5)
(-3.90, 2.14, 0.25), (-0.35, 0.31, -0.46), Wall_Left (5)
(-3.92, 2.19, 0.27), (4.72, 2.03, -0.48), Wall_Left (12)
(-3.89, 2.19, 0.28), (7.25, 2.05, -0.61), Wall_Front
(-3.89, 2.19, 0.27), (4.72, 1.86, -0.51), Wall_Left (12)
(-3.89, 2.18, 0.26), (4.72, 1.59, -0.53), Wall_Left (12)
(-3.87, 2.17, 0.24), (4.71, 0.16, -0.39), Wall_Left (12)
(-3.79, 2.12, 0.22), (-1.10, 0.00, 0.13), Terrain
(-3.62, 2.16, 0.26), (0.82, 0.00, 0.26), Terrain
(-3.53, 2.15, 0.24), (0.44, 0.00, 0.29), Terrain
(-3.51, 2.15, 0.19), (0.39, 0.00, 0.33), Terrain
(-3.48, 2.13, 0.18), (-0.74, 0.00, -0.01), Terrain
(-3.46, 2.14, 0.21), (0.14, 0.00, 0.23), Terrain
(-3.45, 2.15, 0.23), (0.90, 0.12, 0.37), Wall_Left (7)
(-3.47, 2.16, 0.23), (0.91, 0.47, 0.10), Wall_Left (7)
(-3.47, 2.15, 0.24), (0.90, 0.02, 0.25), Wall_Left (7)
(-3.47, 2.15, 0.25), (0.90, 0.08, 0.27), Wall_Left (7)
(-3.46, 2.14, 0.25), (0.87, 0.00, 0.26), Terrain
(-3.46, 2.14, 0.26), (0.48, 0.00, 0.23), Terrain
(-3.46, 2.14, 0.28), (0.30, 0.00, 0.35), Terrain
(-3.52, 2.14, 0.28), (0.37, 0.00, 0.08), Terrain
(-3.61, 2.14, 0.20), (-0.41, 0.00, -0.13), Terrain
(-3.67, 2.13, 0.15), (-0.70, 0.00, -0.01), Terrain
(-3.70, 2.15, 0.16), (0.90, 0.29, 0.33), Wall_Left (7)
(-3.72, 2.15, 0.15), (0.90, 0.07, 0.34), Wall_Left (7)
(-3.72, 2.11, 0.13), (-1.42, 0.00, -0.16), Terrain
(-3.70, 2.11, 0.13), (-1.38, 0.00, -0.10), Terrain
(-3.68, 2.14, 0.15), (0.72, 0.00, 0.23), Terrain
(-3.68, 2.15, 0.15), (0.88, 0.00, 0.26), Terrain
(-3.70, 2.15, 0.15), (0.90, 0.00, 0.38), Terrain
(-3.71, 2.14, 0.15), (0.66, 0.00, 0.34), Terrain
(-3.70, 2.14, 0.16), (0.77, 0.00, 0.35), Terrain
(-3.70, 2.15, 0.16), (0.83, 0.00, 0.37), Terrain
(-3.71, 2.15, 0.16), (0.90, 0.18, 0.34), Wall_Left (7)
(-3.71, 2.15, 0.17), (0.91, 0.06, 0.10), Wall_Left (7)
(-3.72, 2.15, 0.17), (0.90, 0.34, 0.25), Wall_Left (7)
(-3.64, 2.19, 0.21), (4.70, 1.55, 0.18), Wall_Left (12)
(-3.49, 2.18, 0.27), (1.98, 0.42, -0.52), Wall_Left (8)
(-3.49, 2.18, 0.23), (1.95, 0.35, 1.08), Wall_Left (8)
(-3.49, 2.17, 0.20), (0.89, 0.61, 0.71), Wall_Left (7)
(-3.49, 2.17, 0.19), (0.89, 0.57, 0.61), Wall_Left (7)
(-3.50, 2.17, 0.20), (0.89, 0.58, 0.61), Wall_Left (7)
(-3.50, 2.17, 0.21), (0.99, 0.62, 0.13), Wall_Left (7)
(-3.51, 2.17, 0.21), (0.90, 0.62, 0.66), Wall_Left (7)
(-3.50, 2.13, 0.19), (-1.07, 0.00, 0.07), Terrain
(-3.49, 2.12, 0.18), (-1.29, 0.00, 0.05), Terrain
(-3.49, 2.16, 0.19), (0.90, 0.17, 0.48), Wall_Left (7)
(-3.51, 2.19, 0.19), (6.89, 0.00, 0.53), Terrain
(-3.52, 2.21, 0.19), (4.71, 2.06, -0.41), Wall_Left (12)
(-3.51, 2.20, 0.18), (4.72, 1.58, -0.46), Wall_Left (12)
(-3.51, 2.20, 0.16), (4.72, 1.46, -0.45), Wall_Left (12)
(-3.51, 2.20, 0.16), (4.71, 1.49, -0.41), Wall_Left (12)
(-3.50, 2.19, 0.17), (5.48, 0.00, 0.44), Terrain
(-3.50, 2.18, 0.18), (3.53, 0.28, 1.95), Wall_Left (2)
(-3.51, 2.18, 0.17), (-0.15, 1.08, 1.95), Wall_Left
(-3.50, 2.18, 0.17), (1.95, 0.50, 0.98), Wall_Left (8)
(-3.50, 2.18, 0.18), (1.97, 0.40, 0.01), Wall_Left (8)
(-3.50, 2.18, 0.18), (1.96, 0.43, 0.64), Wall_Left (8)
(-3.50, 2.18, 0.18), (1.94, 0.39, 1.43), Wall_Left (8)
(-3.50, 2.18, 0.17), (1.95, 0.43, 0.97), Wall_Left (8)
(-3.50, 2.18, 0.17), (1.96, 0.46, 0.50), Wall_Left (8)
(-3.51, 2.18, 0.18), (1.98, 0.50, -0.17), Wall_Left (8)
(-3.51, 2.18, 0.19), (1.97, 0.44, 0.06), Wall_Left (8)
(-3.52, 2.18, 0.19), (1.98, 0.41, -0.19), Wall_Left (8)
(-3.51, 2.17, 0.20), (1.94, 0.25, 1.45), Wall_Left (8)
(-3.51, 2.17, 0.20), (0.97, 0.62, 0.32), Wall_Left (7)
(-3.51, 2.18, 0.20), (1.52, 0.43, -0.94), Wall_Left (9)
(-3.50, 2.17, 0.20), (1.01, 0.62, 0.00), Wall_Left (7)
(-3.50, 2.17, 0.19), (1.96, 0.30, 0.35), Wall_Left (8)
(-3.50, 2.20, 0.19), (4.70, 1.35, 0.03), Wall_Left (12)
(-3.51, 2.20, 0.22), (4.75, 1.56, -1.81), Wall_Left (12)
(-3.67, 2.13, 0.06), (-3.55, 0.69, -2.02), Wall_Left (1)
(-3.74, 2.10, 0.05), (-4.53, 1.07, -0.69), Wall_Back
(-3.77, 2.11, 0.08), (-4.53, 1.38, -0.21), Wall_Back
(-3.90, 2.12, 0.13), (-4.53, 1.62, -0.02), Wall_Back
(-4.01, 2.11, 0.08), (-4.53, 1.66, 0.09), Wall_Back
(-4.09, 2.09, 0.11), (-4.53, 1.70, 0.20), Wall_Back
(-4.18, 2.05, 0.14), (-4.53, 1.55, 0.29), Wall_Back
(-4.26, 2.05, 0.14), (-4.53, 1.59, 0.31), Wall_Back
(-4.33, 2.06, 0.12), (-4.53, 1.82, 0.21), Wall_Back
(-4.39, 2.05, 0.12), (-4.53, 1.87, 0.19), Wall_Back
(-4.38, 2.06, 0.15), (-4.53, 1.89, 0.22), Wall_Back
(-4.39, 2.10, 0.18), (-4.53, 1.95, 0.28), Wall_Back
(-4.30, 2.10, 0.20), (-4.53, 1.87, 0.33), Wall_Back
(-4.30, 2.17, 0.21), (-4.57, 2.07, 0.37), Wall_Back
(-4.82, 2.14, 0.81), (-5.00, 2.07, 1.47), Wall_Back
(-4.61, 2.10, 0.64), (-4.65, 2.07, 0.64), Wall_Back
(-4.46, 2.13, 0.48), (-4.59, 2.07, 0.45), Wall_Back
(-4.27, 2.12, 0.23), (-4.53, 1.57, -0.63), Wall_Back
(-4.17, 2.12, 0.14), (-2.91, 0.50, -2.02), Wall_Left (1)
(-3.96, 2.14, 0.21), (-0.32, 0.33, -1.48), Wall_Left (5)
(-3.78, 2.12, 0.24), (-0.75, 0.00, 0.33), Terrain
(-3.67, 2.17, 0.21), (1.97, 0.48, -0.12), Wall_Left (8)
(-3.57, 2.13, 0.32), (-0.06, 0.00, 0.19), Terrain
(-3.50, 2.13, 0.35), (-0.20, 0.00, 0.34), Terrain
(-3.52, 2.16, 0.36), (4.45, 0.00, -0.34), Terrain
(-3.56, 2.16, 0.37), (4.72, 0.30, -0.54), Wall_Left (12)
(-3.57, 2.17, 0.37), (4.72, 0.62, -0.62), Wall_Left (12)
(-3.55, 2.12, 0.37), (-0.60, 0.00, 0.24), Terrain
(-3.53, 2.12, 0.37), (-0.59, 0.00, 0.22), Terrain
(-3.53, 2.12, 0.37), (-0.41, 0.00, 0.11), Terrain
(-3.53, 2.12, 0.37), (-0.47, 0.00, 0.15), Terrain
(-3.55, 2.12, 0.38), (-0.35, 0.00, 0.20), Terrain
(-3.55, 2.10, 0.36), (-1.29, 0.00, -0.11), Terrain
(-3.54, 2.10, 0.35), (-1.35, 0.00, -0.21), Terrain
(-3.53, 2.10, 0.35), (-1.24, 0.00, -0.25), Terrain
(-3.52, 2.12, 0.36), (-0.35, 0.04, -0.34), Wall_Left (5)
(-3.58, 2.18, 0.36), (4.72, 1.97, -0.79), Wall_Left (12)
(-3.58, 2.14, 0.32), (-0.34, 0.48, -0.71), Wall_Left (5)
(-3.59, 2.13, 0.31), (-0.34, 0.41, -0.78), Wall_Left (5)
(-3.60, 2.13, 0.32), (-0.34, 0.45, -0.86), Wall_Left (5)
(-3.59, 2.13, 0.33), (-0.34, 0.47, -0.79), Wall_Left (5)
(-3.58, 2.13, 0.32), (-0.34, 0.47, -0.74), Wall_Left (5)
(-3.59, 2.13, 0.32), (-0.34, 0.49, -0.79), Wall_Left (5)
(-3.58, 2.14, 0.32), (-0.34, 0.50, -0.74), Wall_Left (5)
(-3.58, 2.14, 0.33), (-0.34, 0.54, -0.73), Wall_Left (5)
(-3.59, 2.14, 0.33), (-0.34, 0.54, -0.72), Wall_Left (5)
(-3.59, 2.14, 0.35), (-0.03, 0.62, -0.17), Wall_Left (6)
(-3.58, 2.14, 0.36), (0.74, 0.35, -0.07), Wall_Left (6)
(-3.57, 2.14, 0.36), (0.80, 0.28, -0.07), Wall_Left (6)
(-3.57, 2.15, 0.36), (0.91, 0.58, -0.01), Wall_Left (7)
(-3.58, 2.18, 0.35), (4.72, 1.97, -0.67), Wall_Left (12)
(-3.28, 2.18, 0.12), (4.09, 2.03, -2.01), Wall_Left (3)
(-3.27, 2.18, 0.12), (4.74, 1.96, -1.31), Wall_Left (12)
(-3.25, 2.17, 0.12), (4.71, 1.15, -0.25), Wall_Left (12)
(-3.26, 2.17, 0.11), (4.72, 1.29, -0.43), Wall_Left (12)
(-3.27, 2.18, 0.13), (4.59, 2.03, 1.95), Wall_Left (2)
(-3.26, 2.18, 0.13), (6.99, 1.80, 1.95), Wall_Left (2)
(-3.24, 2.13, 0.11), (0.20, 0.15, -0.08), Wall_Left (6)
(-3.23, 2.10, 0.09), (-0.82, 0.00, -0.69), Terrain
(-3.23, 2.11, 0.09), (-0.64, 0.00, -0.59), Terrain
(-3.24, 2.17, 0.11), (4.72, 0.70, -0.54), Wall_Left (12)
(-3.25, 2.12, 0.08), (-0.34, 0.03, -0.92), Wall_Left (5)
(-3.24, 2.12, 0.09), (-0.34, 0.06, -0.76), Wall_Left (5)
(-3.24, 2.12, 0.08), (-0.34, 0.09, -0.74), Wall_Left (5)
(-3.24, 2.12, 0.09), (-0.34, 0.10, -0.71), Wall_Left (5)
(-3.25, 2.12, 0.08), (0.05, 0.00, 0.58), Terrain
(-3.25, 2.12, 0.08), (0.03, 0.00, 0.81), Terrain
(-3.25, 2.14, 0.10), (0.55, 0.28, -0.08), Wall_Left (6)
(-3.27, 2.13, 0.11), (0.71, 0.00, -0.04), Terrain
(-3.27, 2.13, 0.15), (0.24, 0.00, 0.87), Terrain
(-3.26, 2.13, 0.14), (0.37, 0.00, 0.70), Terrain
(-3.26, 2.14, 0.13), (0.89, 0.32, 0.62), Wall_Left (7)
(-3.27, 2.17, 0.12), (4.71, 1.62, -0.10), Wall_Left (12)
(-3.24, 2.19, 0.18), (4.72, 1.97, -0.59), Wall_Left (12)
(-3.19, 2.18, 0.30), (4.72, 1.72, -0.42), Wall_Left (12)
(-3.16, 2.19, 0.32), (4.73, 1.90, -1.08), Wall_Left (12)
(-3.14, 2.18, 0.34), (4.73, 1.71, -1.07), Wall_Left (12)
(-3.14, 2.18, 0.35), (4.73, 1.56, -1.02), Wall_Left (12)
(-3.16, 2.18, 0.36), (4.73, 1.66, -0.95), Wall_Left (12)
(-3.17, 2.18, 0.36), (4.73, 1.65, -0.92), Wall_Left (12)
(-3.19, 2.18, 0.35), (4.73, 1.73, -1.10), Wall_Left (12)
(-3.20, 2.17, 0.35), (4.72, 1.60, -0.79), Wall_Left (12)
(-3.20, 2.18, 0.34), (4.73, 1.79, -1.03), Wall_Left (12)
(-3.20, 2.18, 0.34), (4.72, 2.05, -0.61), Wall_Left (12)
(-3.12, 2.12, 0.39), (0.38, 0.00, 0.52), Terrain
(-3.12, 2.09, 0.38), (-0.95, 0.00, 0.47), Terrain
(-3.13, 2.08, 0.36), (-1.26, 0.00, 0.08), Terrain
(-3.13, 2.10, 0.35), (-0.75, 0.00, 0.01), Terrain
(-3.17, 2.17, 0.35), (4.71, 1.61, -0.39), Wall_Left (12)
(-3.16, 2.18, 0.36), (4.71, 1.85, -0.38), Wall_Left (12)
(-3.15, 2.17, 0.35), (4.72, 1.69, -0.49), Wall_Left (12)
(-3.17, 2.17, 0.35), (4.72, 1.46, -0.54), Wall_Left (12)
(-3.16, 2.17, 0.35), (4.72, 1.40, -0.81), Wall_Left (12)
(-3.16, 2.17, 0.35), (4.72, 1.47, -0.59), Wall_Left (12)
(-3.20, 2.16, 0.35), (4.73, 1.32, -1.06), Wall_Left (12)
(-3.19, 2.16, 0.35), (4.73, 0.41, -1.00), Wall_Left (12)
(-3.16, 2.16, 0.35), (4.73, 0.63, -0.88), Wall_Left (12)
(-3.20, 2.17, 0.34), (4.75, 1.58, -1.94), Wall_Left (12)
(-3.19, 2.17, 0.36), (4.73, 1.54, -1.26), Wall_Left (12)
(-3.19, 2.17, 0.36), (4.73, 1.44, -1.06), Wall_Left (12)
(-3.20, 2.17, 0.36), (4.73, 1.46, -1.09), Wall_Left (12)
(-3.20, 2.17, 0.36), (4.73, 1.45, -1.06), Wall_Left (12)
(-3.19, 2.18, 0.36), (4.73, 1.95, -0.95), Wall_Left (12)
(-3.14, 2.15, 0.36), (4.29, 0.00, -1.53), Terrain
(-3.14, 2.16, 0.39), (7.25, 0.03, 0.53), Wall_Front
(-3.15, 2.16, 0.40), (7.25, 0.60, 1.54), Wall_Front
(-3.17, 2.16, 0.40), (7.25, 0.74, 1.40), Wall_Front
(-3.17, 2.16, 0.41), (7.25, 0.67, 1.38), Wall_Front
(-3.17, 2.17, 0.42), (6.56, 1.41, 1.95), Wall_Left (2)
(-3.18, 2.17, 0.42), (4.61, 1.61, 1.95), Wall_Left (2)
(-3.18, 2.17, 0.41), (4.34, 1.20, 1.95), Wall_Left (2)
(-3.18, 2.15, 0.39), (4.66, 0.00, -0.66), Terrain
(-3.17, 2.14, 0.35), (0.93, 0.54, -2.02), Wall_Left (1)
(-3.15, 2.14, 0.37), (1.98, 0.09, -0.45), Wall_Left (8)
(-3.15, 2.16, 0.36), (4.72, 0.61, -0.43), Wall_Left (12)
(-3.18, 2.17, 0.35), (4.72, 1.72, -0.59), Wall_Left (12)
(-3.16, 2.19, 0.28), (4.72, 1.79, -0.71), Wall_Left (12)
(-3.14, 2.19, 0.20), (4.72, 1.79, -0.58), Wall_Left (12)
(-3.11, 2.15, 0.20), (2.05, 0.62, -0.34), Wall_Left (8)
(-2.94, 2.10, 0.29), (-0.36, 0.00, 0.55), Terrain
(-2.72, 2.11, 0.40), (-0.41, 0.00, 0.45), Terrain
(-2.57, 2.10, 0.40), (-0.32, 0.00, 0.30), Terrain
(-2.47, 2.11, 0.31), (-0.08, 0.00, 0.42), Terrain
(-2.44, 2.11, 0.25), (0.02, 0.00, 0.40), Terrain
(-2.38, 2.12, 0.29), (0.66, 0.00, 0.27), Terrain
(-2.25, 2.12, 0.37), (0.72, 0.00, 0.22), Terrain
(-2.26, 2.11, 0.37), (0.63, 0.00, 0.18), Terrain
(-2.32, 2.14, 0.32), (1.97, 0.22, 0.26), Wall_Left (8)
(-2.40, 2.15, 0.25), (4.50, 0.00, 0.32), Terrain
(-2.43, 2.14, 0.20), (1.98, 0.29, -0.35), Wall_Left (8)
(-2.43, 2.17, 0.19), (4.71, 1.32, -0.35), Wall_Left (12)
(-2.44, 2.17, 0.18), (4.73, 1.65, -0.88), Wall_Left (12)
(-2.48, 2.15, 0.24), (2.67, 0.00, -1.62), Terrain
(-2.43, 2.08, 0.20), (-0.52, 0.00, -0.34), Terrain
(-2.39, 2.09, 0.22), (0.08, 0.00, 0.22), Terrain
(-2.36, 2.08, 0.25), (-0.49, 0.00, 0.59), Terrain
(-2.38, 2.07, 0.25), (-0.61, 0.00, 0.06), Terrain
(-2.39, 2.06, 0.22), (-0.65, 0.00, -0.19), Terrain
(-2.38, 2.06, 0.21), (-0.61, 0.00, -0.22), Terrain
(-2.35, 2.07, 0.16), (-1.21, 0.00, -0.88), Terrain
(-2.36, 2.08, 0.10), (-1.82, 0.00, -1.87), Terrain
(-2.67, 2.10, 0.02), (-1.53, 0.03, -2.02), Wall_Left (1)
(-3.11, 1.74, 0.16), (-2.19, 0.00, -1.27), Terrain
(-3.55, 1.75, 0.03), (-2.82, 0.00, -1.18), Terrain
(-4.08, 2.27, -0.01), (-4.34, 0.00, -1.91), Terrain
(-4.53, 2.28, 0.15), (-4.55, 2.07, -0.01), Wall_Back
(-4.84, 1.63, 0.49), (-4.47, 0.00, -1.25), Terrain
(-4.40, 0.99, 0.88), (-4.53, 0.92, 0.60), Wall_Back
(-4.39, 0.90, 0.87), (-4.53, 0.84, 0.70), Wall_Back
(-4.41, 0.91, 0.87), (-4.53, 0.84, 0.76), Wall_Back
(-4.40, 0.91, 0.89), (-4.53, 0.86, 0.75), Wall_Back
(-4.40, 0.90, 0.90), (-4.53, 0.86, 0.77), Wall_Back
(-4.39, 0.90, 0.90), (-4.53, 0.86, 0.78), Wall_Back
(-4.39, 0.90, 0.91), (-4.53, 0.85, 0.78), Wall_Back
(-4.39, 0.90, 0.91), (-4.53, 0.85, 0.78), Wall_Back
(-4.42, 1.48, -0.18), (-2.59, 1.48, -2.02), Wall_Left (1)
(-4.24, 1.59, 1.07), (-4.53, 1.53, 0.93), Wall_Back
(-4.15, 1.61, 1.06), (-4.53, 1.56, 0.82), Wall_Back
(-4.07, 1.60, 1.05), (-4.53, 1.65, 0.66), Wall_Back
(-4.05, 1.60, 1.04), (-4.53, 1.66, 0.54), Wall_Back
(-4.01, 1.60, 1.03), (-4.53, 1.87, -0.32), Wall_Back
(-3.99, 1.62, 1.05), (-4.53, 1.91, 0.53), Wall_Back
(-4.04, 1.63, 1.07), (-4.53, 1.78, 0.82), Wall_Back
(-4.04, 1.63, 1.08), (-4.53, 1.72, 0.92), Wall_Back
(-4.04, 1.60, 1.04), (-4.53, 1.56, 0.87), Wall_Back
(-4.06, 1.58, 1.02), (-4.53, 1.46, 0.81), Wall_Back
(-4.11, 1.56, 1.01), (-4.53, 1.39, 0.75), Wall_Back
(-4.11, 1.57, 1.01), (-4.53, 1.45, 0.76), Wall_Back
(-4.09, 1.55, 1.08), (-4.53, 1.39, 1.08), Wall_Back
(-4.03, 1.54, 1.18), (-4.53, 1.27, 1.50), Wall_Back
(-4.06, 1.55, 1.25), (-4.53, 1.17, 1.81), Wall_Back
(-4.09, 1.59, 1.29), (-4.53, 1.58, 1.72), Wall_Back
(-4.20, 1.55, 1.38), (-4.53, 1.47, 1.70), Wall_Back
(-4.27, 1.54, 1.42), (-4.53, 1.46, 1.63), Wall_Back
(-4.33, 1.54, 1.40), (-4.53, 1.46, 1.52), Wall_Back
(-4.34, 1.54, 1.39), (-4.53, 1.47, 1.51), Wall_Back
(-4.33, 1.55, 1.36), (-4.53, 1.48, 1.49), Wall_Back
(-4.20, 1.57, 1.25), (-4.53, 1.43, 1.38), Wall_Back
(-4.03, 1.56, 1.10), (-4.53, 1.38, 1.06), Wall_Back
(-4.01, 1.55, 1.09), (-4.53, 1.32, 0.84), Wall_Back
(-4.07, 1.56, 1.05), (-4.53, 1.35, 0.67), Wall_Back
(-4.09, 1.55, 1.02), (-4.53, 1.32, 0.67), Wall_Back
(-4.09, 1.55, 1.01), (-4.53, 1.32, 0.68), Wall_Back
(-4.09, 1.56, 1.00), (-4.53, 1.33, 0.66), Wall_Back
(-4.09, 1.55, 0.97), (-4.53, 1.20, 0.39), Wall_Back
(-4.08, 1.57, 0.97), (-4.53, 1.26, 0.43), Wall_Back
(-4.09, 1.57, 0.99), (-4.53, 1.32, 0.62), Wall_Back
(-4.11, 1.55, 1.01), (-4.53, 1.25, 0.89), Wall_Back
(-4.39, 1.50, 0.86), (-4.53, 1.38, 0.83), Wall_Back
(-4.47, 2.13, 0.82), (-4.57, 2.07, 0.84), Wall_Back
(-4.38, 2.16, 0.90), (-4.53, 1.95, 1.18), Wall_Back
(-4.27, 2.14, 0.74), (-3.57, 0.99, 1.95), Wall_Left
(-4.16, 2.19, 0.52), (-0.32, 0.57, 1.14), Wall_Left (4)
(-4.05, 2.22, 0.45), (3.49, 0.49, -2.01), Wall_Left (3)
(-3.98, 2.21, 0.47), (-0.08, 1.31, -2.02), Wall_Left (1)
(-3.85, 2.22, 0.24), (3.48, 1.87, -2.01), Wall_Left (3)
(-3.79, 2.23, 0.20), (1.59, 1.63, -2.01), Wall_Left (3)
(-3.78, 2.23, 0.20), (-1.59, 2.03, -2.02), Wall_Left (1)
(-3.81, 2.22, 0.20), (-3.15, 1.74, -2.02), Wall_Left (1)
(-3.65, 2.18, 0.25), (0.66, 0.30, -0.07), Wall_Left (6)
(-3.52, 1.97, 0.06), (-0.32, 0.01, 1.08), Wall_Left (4)
(-3.50, 1.85, -0.21), (0.89, 0.02, 0.89), Wall_Left (7)
(-3.50, 1.85, -0.08), (0.71, 0.00, 0.57), Terrain
(-3.51, 1.83, -0.04), (-0.73, 0.00, 0.57), Terrain
(-3.54, 1.81, 0.10), (-0.89, 0.00, -0.07), Terrain
(-3.56, 1.82, 0.17), (-0.64, 0.00, 0.44), Terrain
(-3.61, 1.87, 0.16), (4.73, 1.11, -1.19), Wall_Left (12)
(-3.59, 1.83, 0.17), (-0.35, 0.14, -0.34), Wall_Left (5)
(-3.59, 1.83, 0.18), (-0.35, 0.27, -0.31), Wall_Left (5)
(-3.60, 1.84, 0.19), (-0.35, 0.55, -0.42), Wall_Left (5)
(-3.62, 1.85, 0.19), (0.47, 0.62, -0.12), Wall_Left (6)
(-3.63, 1.86, 0.19), (4.74, 0.54, -1.47), Wall_Left (12)
(-3.64, 1.86, 0.20), (4.72, 0.19, -0.50), Wall_Left (12)
(-3.62, 1.83, 0.19), (-0.35, 0.17, -0.47), Wall_Left (5)
(-3.63, 1.86, 0.21), (4.71, 0.34, -0.13), Wall_Left (12)
(-3.64, 1.86, 0.19), (4.72, 0.76, -0.68), Wall_Left (12)
(-3.65, 1.87, 0.19), (4.72, 1.15, -0.50), Wall_Left (12)
(-3.65, 1.87, 0.19), (4.73, 1.27, -1.05), Wall_Left (12)
(-3.65, 1.88, 0.20), (4.71, 1.57, -0.41), Wall_Left (12)
(-3.65, 1.88, 0.20), (4.71, 1.55, -0.40), Wall_Left (12)
(-3.64, 1.88, 0.20), (4.71, 1.49, -0.37), Wall_Left (12)
(-3.64, 1.88, 0.20), (4.71, 1.48, -0.37), Wall_Left (12)
(-3.63, 1.87, 0.19), (4.71, 1.40, -0.36), Wall_Left (12)
(-3.63, 1.86, 0.19), (4.73, 0.31, -1.16), Wall_Left (12)
(-3.63, 1.85, 0.19), (1.55, 0.00, -0.89), Terrain
(-3.63, 1.85, 0.19), (1.58, 0.00, -0.68), Terrain
(-3.64, 1.86, 0.19), (4.73, 0.50, -0.87), Wall_Left (12)
(-3.64, 1.85, 0.19), (1.99, 0.00, -0.86), Terrain
(-3.63, 1.84, 0.18), (-0.28, 0.62, -0.34), Wall_Left (5)
(-3.61, 1.84, 0.20), (0.68, 0.00, 0.31), Terrain
(-3.61, 1.81, 0.25), (-1.07, 0.00, 0.34), Terrain
(-3.39, 1.84, 0.28), (0.90, 0.20, 0.29), Wall_Left (7)
(-3.00, 1.87, 0.26), (4.71, 1.05, -0.27), Wall_Left (12)
(-2.58, 1.87, 0.24), (4.72, 1.39, -0.55), Wall_Left (12)
(-2.15, 1.87, 0.21), (4.72, 1.20, -0.63), Wall_Left (12)
(-1.75, 1.87, 0.20), (4.72, 0.91, -0.72), Wall_Left (12)
(-1.35, 1.85, 0.21), (3.92, 0.00, -0.73), Terrain
(-0.95, 1.82, 0.29), (1.96, 0.19, 0.47), Wall_Left (8)
(-0.54, 1.81, 0.41), (1.96, 0.13, 0.69), Wall_Left (8)
(-0.18, 1.81, 0.58), (1.95, 0.33, 1.01), Wall_Left (8)
(0.01, 1.81, 0.78), (1.95, 0.46, 1.11), Wall_Left (8)
(0.03, 1.81, 1.02), (1.94, 0.54, 1.25), Wall_Left (8)
(0.30, 1.82, 1.20), (3.07, 0.00, 1.41), Terrain
(0.60, 1.82, 1.39), (3.77, 0.00, 1.55), Terrain
(0.87, 1.83, 1.31), (4.16, 0.00, 1.31), Terrain
(0.90, 1.82, 1.31), (3.95, 0.00, 1.06), Terrain
(0.92, 1.81, 1.20), (2.79, 0.00, -0.17), Terrain
(0.70, 1.81, 1.31), (1.88, 0.00, -0.66), Terrain
(0.68, 1.80, 1.64), (1.88, 0.00, -0.04), Terrain
(0.85, 1.80, 1.75), (1.96, 0.42, 0.48), Wall_Left (8)
(1.11, 1.81, 1.58), (2.58, 0.00, -0.27), Terrain
(1.27, 1.81, 1.27), (2.85, 0.00, -0.59), Terrain
(1.43, 1.81, 0.93), (2.95, 0.00, -0.90), Terrain
(1.55, 1.81, 0.57), (3.04, 0.00, -1.26), Terrain
(1.67, 1.81, 0.23), (3.21, 0.00, -1.51), Terrain
(1.68, 1.80, -0.16), (3.18, 0.00, -1.69), Terrain
(1.34, 1.80, -0.33), (2.98, 0.00, -1.77), Terrain
(1.19, 1.80, -0.37), (2.81, 0.00, -1.67), Terrain
(1.21, 1.80, -0.36), (3.02, 0.00, -1.20), Terrain
(1.14, 1.77, -0.35), (2.07, 0.62, -0.39), Wall_Left (8)
(1.11, 1.77, -0.29), (1.98, 0.62, -0.26), Wall_Left (8)
(0.89, 1.79, -0.44), (2.04, 0.62, -0.38), Wall_Left (8)
(0.41, 1.79, -0.54), (1.98, 0.16, -0.52), Wall_Left (8)
(0.26, 1.79, -0.98), (1.36, 0.62, -1.03), Wall_Left (9)
(0.46, 1.79, -1.19), (2.32, 0.00, -1.33), Terrain
(0.42, 1.80, -1.19), (2.44, 0.00, -1.32), Terrain
(0.40, 1.81, -1.26), (2.66, 0.00, -1.41), Terrain
(0.53, 1.82, -1.30), (3.29, 0.00, -1.46), Terrain
(0.76, 1.85, -1.34), (4.74, 0.14, -1.57), Wall_Left (12)
(0.99, 1.88, -1.35), (4.74, 1.64, -1.59), Wall_Left (12)
(0.92, 1.89, -1.38), (4.74, 1.85, -1.49), Wall_Left (12)
(1.16, 1.87, -1.38), (4.74, 0.92, -1.37), Wall_Left (12)
(1.06, 1.82, -1.43), (3.37, 0.00, -1.47), Terrain
(1.20, 1.82, -1.44), (3.53, 0.00, -1.45), Terrain
(1.20, 1.81, -1.44), (3.35, 0.00, -1.43), Terrain
(1.20, 1.81, -1.45), (3.25, 0.00, -1.55), Terrain
(1.21, 1.81, -1.45), (3.21, 0.00, -1.56), Terrain
(1.20, 1.80, -1.45), (2.93, 0.00, -1.73), Terrain
(1.20, 1.79, -1.45), (2.89, 0.00, -1.72), Terrain
(1.20, 1.81, -1.45), (3.23, 0.00, -1.64), Terrain
(1.20, 1.81, -1.44), (3.28, 0.00, -1.59), Terrain
(1.19, 1.79, -1.41), (2.75, 0.00, -1.10), Terrain
(1.38, 1.78, -1.23), (3.06, 0.00, -0.90), Terrain
(1.67, 1.80, -1.24), (3.77, 0.00, -1.27), Terrain
(2.00, 1.81, -1.37), (4.53, 0.00, -1.43), Terrain
(2.41, 1.85, -1.48), (4.74, 1.13, -1.65), Wall_Left (12)
(2.62, 1.87, -1.45), (4.74, 1.66, -1.67), Wall_Left (12)
(2.61, 1.88, -1.45), (4.74, 1.91, -1.69), Wall_Left (12)
(2.61, 1.88, -1.48), (4.74, 1.86, -1.69), Wall_Left (12)
(2.63, 1.87, -1.47), (4.75, 1.53, -1.81), Wall_Left (12)
(2.59, 1.91, -1.36), (4.73, 1.98, -1.08), Wall_Left (12)
(2.62, 1.90, -1.39), (4.74, 1.75, -1.51), Wall_Left (12)
(2.63, 1.89, -1.39), (4.59, 1.53, -2.01), Wall_Left (3)
(2.63, 1.87, -1.29), (4.75, 1.46, -1.72), Wall_Left (12)
(2.64, 1.88, -1.26), (4.75, 1.56, -1.84), Wall_Left (12)
(2.66, 1.87, -1.32), (4.60, 1.27, -2.01), Wall_Left (3)
(2.68, 1.87, -1.35), (4.57, 1.15, -2.01), Wall_Left (3)
(2.68, 1.86, -1.37), (4.57, 1.06, -2.01), Wall_Left (3)
(2.73, 1.85, -1.40), (4.75, 0.92, -1.91), Wall_Left (12)
(2.81, 1.85, -1.35), (4.75, 0.97, -1.98), Wall_Left (12)
(2.87, 1.85, -1.34), (4.75, 0.92, -1.99), Wall_Left (12)
(2.92, 1.85, -1.37), (4.64, 1.03, -2.01), Wall_Left (3)
(2.97, 1.85, -1.41), (4.73, 1.03, -2.01), Wall_Left (3)
(2.96, 1.84, -1.41), (4.67, 1.01, -2.01), Wall_Left (3)
(2.95, 1.84, -1.41), (4.48, 1.02, -2.01), Wall_Left (3)
(2.89, 1.84, -1.35), (4.07, 1.17, -2.01), Wall_Left (3)
(2.85, 1.83, -1.29), (4.12, 1.12, -2.01), Wall_Left (3)
(2.82, 1.84, -1.29), (4.09, 1.20, -2.01), Wall_Left (3)
(2.87, 1.85, -1.33), (4.64, 1.01, -2.01), Wall_Left (3)
(2.95, 1.84, -1.38), (4.75, 0.95, -1.92), Wall_Left (12)
(2.98, 1.82, -1.42), (4.75, 0.89, -1.92), Wall_Left (12)
(2.95, 1.83, -1.41), (4.26, 1.12, -2.01), Wall_Left (3)
(2.90, 1.84, -1.34), (4.29, 1.17, -2.01), Wall_Left (3)
(2.89, 1.84, -1.32), (4.19, 1.11, -2.01), Wall_Left (3)
(2.89, 1.84, -1.32), (4.08, 1.12, -2.01), Wall_Left (3)
(2.90, 1.83, -1.33), (4.02, 1.03, -2.01), Wall_Left (3)
(2.90, 1.83, -1.33), (4.08, 0.99, -2.01), Wall_Left (3)
(2.92, 1.83, -1.35), (4.23, 1.00, -2.01), Wall_Left (3)
(2.97, 1.83, -1.39), (4.69, 0.84, -2.01), Wall_Left (3)
(2.99, 1.82, -1.42), (4.75, 0.83, -1.93), Wall_Left (12)
(2.99, 1.83, -1.45), (4.75, 1.02, -1.94), Wall_Left (12)
(2.93, 1.87, -1.39), (4.75, 1.59, -1.80), Wall_Left (12)
(2.91, 1.85, -1.33), (4.53, 1.36, -2.01), Wall_Left (3)
(2.95, 1.81, -1.42), (4.25, 0.94, -2.01), Wall_Left (3)
(3.04, 1.82, -1.44), (3.97, 1.12, -2.01), Wall_Left (3)
(3.12, 1.81, -1.40), (4.01, 1.09, -2.01), Wall_Left (3)
(3.15, 1.82, -1.40), (3.87, 1.23, -2.01), Wall_Left (3)
(3.15, 1.81, -1.40), (3.77, 1.26, -2.01), Wall_Left (3)
(3.15, 1.81, -1.40), (3.92, 1.16, -2.01), Wall_Left (3)
(3.15, 1.80, -1.38), (4.40, 0.73, -2.01), Wall_Left (3)
(3.05, 1.80, -1.56), (3.83, 1.13, -2.01), Wall_Left (3)
(2.99, 1.81, -1.63), (3.73, 1.21, -2.01), Wall_Left (3)
(3.06, 1.81, -1.47), (4.03, 1.03, -2.01), Wall_Left (3)
(3.12, 1.81, -1.39), (4.24, 0.88, -2.01), Wall_Left (3)
(3.10, 1.80, -1.41), (3.76, 1.07, -2.01), Wall_Left (3)
(3.10, 1.80, -1.42), (3.84, 1.03, -2.01), Wall_Left (3)
(3.10, 1.80, -1.41), (3.86, 1.03, -2.01), Wall_Left (3)
(3.10, 1.80, -1.40), (3.88, 1.04, -2.01), Wall_Left (3)
(3.11, 1.80, -1.40), (3.89, 1.04, -2.01), Wall_Left (3)
(3.11, 1.83, -1.40), (4.00, 1.28, -2.01), Wall_Left (3)
(3.11, 1.81, -1.40), (4.01, 1.14, -2.01), Wall_Left (3)
(3.11, 1.85, -1.37), (4.75, 1.31, -1.98), Wall_Left (12)
(3.11, 1.84, -1.37), (4.66, 1.28, -2.01), Wall_Left (3)
(3.11, 1.84, -1.37), (4.43, 1.32, -2.01), Wall_Left (3)
(3.10, 1.82, -1.38), (4.27, 1.03, -2.01), Wall_Left (3)
(3.09, 1.80, -1.39), (3.92, 1.02, -2.01), Wall_Left (3)
(3.09, 1.84, -1.37), (4.38, 1.23, -2.01), Wall_Left (3)
(3.07, 1.81, -1.38), (4.00, 1.04, -2.01), Wall_Left (3)
(3.08, 1.80, -1.38), (3.96, 0.99, -2.01), Wall_Left (3)
(3.08, 1.80, -1.39), (3.70, 1.21, -1.80), Key
(3.08, 1.80, -1.39), (4.02, 0.93, -2.01), Wall_Left (3)
(3.09, 1.81, -1.38), (4.12, 1.04, -2.01), Wall_Left (3)
(3.10, 1.80, -1.39), (3.99, 0.96, -2.01), Wall_Left (3)
(3.10, 1.80, -1.39), (3.87, 1.05, -2.01), Wall_Left (3)
(3.10, 1.81, -1.38), (3.89, 1.06, -2.01), Wall_Left (3)
(3.11, 1.82, -1.37), (4.10, 1.06, -2.01), Wall_Left (3)
(3.13, 1.81, -1.37), (4.07, 1.01, -2.01), Wall_Left (3)
(3.13, 1.80, -1.39), (3.79, 1.08, -2.01), Wall_Left (3)
(3.12, 1.80, -1.39), (3.77, 1.09, -2.01), Wall_Left (3)
(3.12, 1.82, -1.37), (3.98, 1.16, -2.01), Wall_Left (3)
(3.12, 1.82, -1.35), (4.23, 1.02, -2.01), Wall_Left (3)
(3.11, 1.82, -1.41), (4.12, 0.98, -2.01), Wall_Left (3)
(3.10, 1.82, -1.42), (4.19, 0.91, -2.01), Wall_Left (3)
(3.11, 1.82, -1.37), (4.30, 0.92, -2.01), Wall_Left (3)
(3.10, 1.87, -1.31), (4.75, 1.57, -1.85), Wall_Left (12)
(3.08, 1.88, -1.30), (4.75, 1.66, -1.90), Wall_Left (12)
(3.08, 1.86, -1.31), (4.75, 1.39, -2.00), Wall_Left (12)
(3.08, 1.88, -1.31), (4.75, 1.62, -1.85), Wall_Left (12)
(3.07, 1.88, -1.33), (4.75, 1.72, -1.96), Wall_Left (12)
(3.07, 1.87, -1.35), (4.75, 1.48, -2.00), Wall_Left (12)
(3.07, 1.87, -1.37), (4.74, 1.55, -2.01), Wall_Left (3)
(3.09, 1.82, -1.40), (4.17, 0.98, -2.01), Wall_Left (3)
(3.10, 1.81, -1.40), (4.12, 0.92, -2.01), Wall_Left (3)
(3.10, 1.80, -1.36), (4.75, 0.22, -1.71), Wall_Left (12)
(3.08, 1.80, -1.41), (3.61, 1.21, -1.80), Key
(3.08, 1.79, -1.45), (3.76, 1.01, -2.00), Wall_Left (10)
(3.08, 1.79, -1.45), (3.63, 1.21, -1.83), Key
(3.08, 1.79, -1.46), (3.66, 1.21, -1.85), Key
(3.08, 1.80, -1.47), (3.87, 1.10, -2.01), Wall_Left (3)
(3.10, 1.81, -1.47), (3.89, 1.15, -2.01), Wall_Left (3)
(3.08, 1.81, -1.48), (3.90, 1.14, -2.01), Wall_Left (3)
(3.08, 1.81, -1.45), (4.00, 0.94, -2.01), Wall_Left (3)
(3.07, 1.81, -1.40), (4.21, 0.87, -2.01), Wall_Left (3)
(3.07, 1.82, -1.37), (3.77, 1.19, -2.01), Wall_Left (3)
(3.08, 1.83, -1.34), (3.85, 1.16, -2.01), Wall_Left (3)
(3.09, 1.83, -1.34), (4.13, 1.00, -2.01), Wall_Left (3)
(3.08, 1.83, -1.34), (4.00, 1.12, -2.01), Wall_Left (3)
(3.08, 1.83, -1.35), (4.20, 1.01, -2.01), Wall_Left (3)
(3.06, 1.83, -1.39), (4.06, 1.14, -2.01), Wall_Left (3)
(3.08, 1.82, -1.45), (3.98, 1.13, -2.01), Wall_Left (3)
(3.11, 1.82, -1.41), (4.50, 0.90, -2.01), Wall_Left (3)
(3.06, 1.82, -1.12), (4.72, 0.00, 1.51), Terrain
(3.01, 1.84, -0.93), (3.57, 1.15, 1.59), Slot
(3.01, 1.88, -0.91), (3.72, 1.81, 1.95), Wall_Left (2)
(3.06, 1.89, -0.91), (3.92, 1.97, 1.95), Wall_Left (2)
(3.11, 1.88, -0.69), (4.04, 1.81, 1.95), Wall_Left (2)
(3.14, 1.88, -0.43), (4.03, 1.72, 1.95), Wall_Left (2)
(3.19, 1.88, -0.14), (4.00, 1.65, 1.95), Wall_Left (2)
(3.27, 1.88, 0.20), (4.11, 1.62, 1.95), Wall_Left (2)
(3.36, 1.87, 0.54), (4.08, 1.58, 1.95), Wall_Left (2)
(3.42, 1.86, 0.71), (4.20, 1.46, 1.95), Wall_Left (2)
(3.43, 1.87, 0.71), (4.24, 1.49, 1.95), Wall_Left (2)
(3.44, 1.86, 0.73), (4.10, 1.49, 1.95), Wall_Left (2)
(3.43, 1.84, 0.75), (3.85, 1.18, 1.95), Wall_Left (2)
(3.41, 1.84, 0.77), (3.84, 1.12, 1.95), Wall_Left (2)
(3.52, 1.82, 0.70), (4.97, 0.57, 1.95), Wall_Left (2)
(3.59, 1.82, 0.68), (6.04, 0.00, 1.73), Terrain
(3.93, 1.82, 0.85), (6.53, 0.00, 1.71), Terrain
(4.43, 1.83, 0.94), (7.25, 0.13, 1.30), Wall_Front
(4.92, 1.83, 0.98), (7.25, 0.38, 0.41), Wall_Front
(5.25, 1.84, 0.71), (7.25, 0.36, -1.79), Wall_Front
(5.39, 1.86, 0.29), (6.90, 1.23, -2.01), Wall_Left (3)
(5.54, 1.80, -0.16), (6.61, 0.00, -1.99), Terrain
(5.73, 1.80, -0.60), (6.82, 0.32, -2.01), Wall_Left (3)
(-1.88, 1.15, 0.68), (-0.34, 1.15, -0.86), Model ship
(-0.54, 1.82, 1.46), (1.69, 0.38, 1.19), Front wall
(-0.55, 1.83, 1.52), (1.69, 0.59, 2.25), Front wall
(-0.59, 1.85, 1.46), (1.14, 1.17, -2.44), Right wall
(-0.78, 1.88, 1.28), (-1.35, 2.01, -2.37), Ship height menu
(-0.82, 1.83, 1.21), (-2.66, 0.27, -0.27), back wall
(-0.78, 1.81, 1.14), (-2.39, 0.20, -0.24), Snap Volume
(-0.80, 1.82, 1.14), (-2.66, 0.12, -0.76), back wall
(-0.86, 1.82, 1.20), (-2.66, 0.25, -0.63), back wall
(-0.89, 1.81, 1.25), (-2.66, 0.13, -0.73), back wall
(-0.90, 1.81, 1.26), (-2.67, 0.00, -0.89), Ground
(-0.92, 1.81, 1.25), (-2.67, 0.00, -0.90), Ground
(-0.92, 1.81, 1.25), (-2.38, 0.00, -0.94), Ground
(-0.92, 1.81, 1.25), (-2.43, 0.00, -1.03), Ground
(-0.92, 1.81, 1.25), (-2.66, 0.05, -1.11), back wall
(-0.91, 1.84, 1.25), (-2.66, 0.83, -1.10), back wall
(-2.16, 1.82, -0.05), (1.34, 0.00, -0.02), Ground
(-2.16, 1.81, 0.03), (0.29, 0.00, 1.99), Ground
(-2.27, 1.76, 0.16), (-2.21, 0.00, 1.61), Ground
(-2.22, 1.73, 0.17), (-1.47, 0.00, 0.86), Ground
(-2.13, 1.76, -0.02), (-0.52, 0.00, -0.32), Ground
(-2.08, 1.88, -0.11), (1.40, 1.57, -2.44), Right wall
(-2.14, 1.88, -0.23), (-1.12, 1.86, -2.37), Ship height menu
(-1.79, 2.85, -1.04), (4.92, -0.03, -11.33), Grid
(-2.56, 3.59, -0.87), (0.99, 1.17, -2.44), Right wall
(-2.45, 3.75, -0.99), (0.23, 0.00, 0.03), Ground
(-2.40, 3.62, -0.91), (-0.42, 0.00, 0.54), Ground
(-2.23, 2.90, -0.58), (-0.69, 0.00, 0.25), Ground
(-1.94, 1.79, -0.14), (-0.92, 0.00, 0.07), Ground
(-1.97, 1.78, -0.12), (-0.86, 0.00, -0.11), Ground
(-1.97, 1.78, -0.12), (-0.76, 0.00, -0.24), Ground
(-1.98, 1.87, -0.14), (-0.34, 1.26, -0.99), Model ship
(-2.03, 1.91, -0.18), (-0.92, 2.11, -2.44), Right wall
(-1.97, 1.86, -0.14), (-0.34, 1.22, -0.65), Model ship
(-1.80, 1.72, -0.09), (-1.03, 0.00, -0.11), Ground
(-1.75, 1.79, -0.13), (0.09, 0.00, -0.37), Ground
(-1.82, 1.89, -0.13), (1.69, 1.49, -0.47), Front wall
(-1.86, 1.91, -0.20), (-0.44, 2.01, -2.44), Right wall
(-1.91, 1.91, -0.19), (-0.85, 2.13, -2.44), Right wall
(-1.91, 1.90, -0.20), (-0.82, 2.12, -2.44), Right wall
(-1.92, 1.90, -0.21), (-1.05, 2.03, -2.37), Ship height menu
(-1.95, 1.90, -0.23), (-1.34, 2.12, -2.44), Right wall
(-1.88, 1.86, -0.18), (1.69, 1.07, -0.25), Front wall
(-1.83, 1.86, -0.16), (0.29, 0.82, 2.34), left wall
(-1.87, 1.82, -0.18), (0.06, 0.00, 1.19), Ground
(-1.99, 1.85, -0.31), (-0.34, 1.05, -1.07), Model ship
(-2.08, 1.89, -0.36), (-1.26, 1.80, -2.37), Ship height menu
(-2.09, 1.90, -0.36), (-1.20, 2.09, -2.44), Right wall
(-2.10, 1.90, -0.37), (-1.13, 2.05, -2.44), Right wall
(-2.09, 1.84, -0.39), (-1.00, 0.63, -2.44), Right wall
(-2.10, 1.84, -0.38), (-0.81, 0.58, -2.44), Right wall
(-2.10, 1.89, -0.41), (-1.27, 1.88, -2.37), Ship height menu
(-2.05, 1.89, -0.36), (-1.24, 1.94, -2.37), Ship height menu
(-2.03, 1.89, -0.36), (-1.15, 1.86, -2.37), Ship height menu
(-2.02, 1.89, -0.36), (-1.25, 1.98, -2.37), Ship height menu
(-2.03, 1.89, -0.35), (-1.22, 2.03, -2.37), Ship height menu
(-2.02, 1.87, -0.33), (0.10, 1.57, -2.44), Right wall
(-1.98, 1.85, -0.29), (1.69, 0.45, -1.54), Front wall
(-2.04, 1.87, -0.33), (-0.93, 1.70, -2.37), Ship height menu
(-2.05, 1.88, -0.33), (-1.22, 1.93, -2.37), Ship height menu
(-2.04, 1.88, -0.33), (-0.93, 1.94, -2.37), Ship height menu
(-1.98, 1.87, -0.25), (1.69, 1.27, 0.44), Front wall
(-1.97, 1.86, -0.22), (1.08, 0.96, 2.34), left wall
(-1.95, 1.84, -0.24), (-0.43, 1.15, 0.37), Model ship
(-1.96, 1.84, -0.29), (-0.43, 1.14, -0.43), Model ship
(-1.98, 1.85, -0.23), (-0.13, 1.16, 0.93), Model ship
(-1.98, 1.87, -0.22), (1.29, 1.14, 2.34), left wall
(-1.95, 1.86, -0.25), (1.69, 1.01, 0.62), Front wall
(-1.97, 1.85, -0.27), (0.14, 1.16, -0.47), Model ship
(-2.00, 1.85, -0.21), (0.82, 0.65, 2.34), left wall
(-1.99, 1.85, -0.23), (1.29, 0.66, 2.34), left wall
(-2.01, 1.88, -0.39), (-1.03, 1.76, -2.37), Ship height menu
(-2.01, 1.89, -0.42), (-1.34, 1.78, -2.37), Ship height menu
(-2.00, 1.89, -0.46), (-1.22, 1.79, -2.37), Ship height menu
(-2.00, 1.89, -0.47), (-1.18, 1.82, -2.37), Ship height menu
(-2.00, 1.89, -0.48), (-1.16, 1.77, -2.37), Ship height menu
(-2.00, 1.89, -0.49), (-1.15, 1.75, -2.37), Ship height menu
(-2.01, 1.90, -0.48), (-0.81, 1.98, -2.37), Ship height menu
(-2.02, 1.89, -0.47), (-1.06, 1.86, -2.37), Ship height menu
(-2.03, 1.89, -0.46), (-1.15, 1.88, -2.37), Ship height menu
(-2.01, 1.89, -0.45), (-0.20, 1.60, -2.44), Right wall
(-1.98, 1.84, -0.35), (-0.43, 0.77, 0.69), Model ship
(-1.96, 1.80, -0.35), (-0.23, 0.00, 0.45), Ground
(-1.90, 1.75, -0.36), (-0.90, 0.00, -0.07), Ground
(-1.86, 1.69, -0.27), (-1.51, 0.00, 0.19), Ground
(-1.90, 1.71, -0.24), (-1.56, 0.00, 0.39), Ground
(-1.89, 1.71, -0.25), (-1.53, 0.00, 0.39), Ground
(-1.89, 1.72, -0.24), (-1.49, 0.00, 0.43), Ground
(-1.91, 1.72, -0.22), (-1.51, 0.00, 0.44), Ground
(-1.92, 1.78, -0.25), (-0.59, 0.00, 0.78), Ground
(-1.94, 1.87, -0.35), (1.69, 1.45, -0.28), Front wall
(-1.98, 1.88, -0.32), (-1.23, 1.99, -2.37), Ship height menu
(-1.96, 1.88, -0.27), (-1.25, 2.08, -2.44), Right wall
(-1.96, 1.87, -0.29), (-1.10, 2.00, -2.37), Ship height menu
(-1.93, 1.89, -0.30), (1.69, 2.02, -2.42), Front wall
(-1.96, 1.88, -0.32), (1.69, 1.82, 1.48), Front wall
(-2.01, 1.87, -0.32), (-1.00, 1.86, 2.34), left wall
(-2.06, 1.86, -0.29), (-2.61, 1.77, 2.34), left wall
(-1.95, 1.84, -0.26), (0.35, 0.74, 2.34), left wall
(-1.89, 1.85, -0.30), (1.69, 0.91, -1.72), Front wall
(-1.95, 1.87, -0.34), (-1.29, 1.84, -2.37), Ship height menu
(-1.95, 1.87, -0.37), (-1.14, 1.82, -2.37), Ship height menu
(-1.97, 1.88, -0.39), (-1.19, 1.88, -2.37), Ship height menu
(-1.99, 1.88, -0.43), (-1.25, 1.82, -2.37), Ship height menu
(-2.04, 1.88, -0.46), (-1.33, 1.61, -2.37), Ship height menu
(-2.07, 1.88, -0.48), (-1.35, 1.70, -2.37), Ship height menu
(-2.06, 1.87, -0.63), (-1.50, 1.58, -2.37), Ship height menu
(-1.99, 1.87, -0.78), (-1.30, 1.59, -2.37), Ship height menu
(-1.99, 1.87, -0.79), (-1.33, 1.57, -2.37), Ship height menu
(-1.95, 1.86, -1.20), (-1.41, 1.56, -2.37), Ship height menu
(-1.91, 1.85, -1.29), (-1.40, 1.48, -2.37), Ship height menu
(-1.91, 1.85, -1.29), (-1.33, 1.49, -2.37), Ship height menu
(-1.93, 1.85, -1.32), (-1.34, 1.51, -2.37), Ship height menu
(-1.92, 1.85, -1.33), (-1.33, 1.50, -2.37), Ship height menu
(-1.92, 1.85, -1.33), (-1.32, 1.50, -2.37), Ship height menu
(-1.92, 1.85, -1.33), (-1.31, 1.50, -2.37), Ship height menu
(-1.92, 1.86, -1.33), (-1.30, 1.60, -2.37), Ship height menu
(-1.92, 1.89, -1.30), (-1.20, 2.00, -2.37), Ship height menu
(-1.90, 1.90, -1.27), (-0.80, 2.11, -2.44), Right wall
(-2.18, 1.89, -1.63), (-1.33, 2.10, -2.44), Right wall
(-2.22, 1.88, -1.70), (-1.04, 1.96, -2.37), Ship height menu
(-2.22, 1.85, -1.71), (-1.39, 1.58, -2.37), Ship height menu
(-2.22, 1.85, -1.72), (-1.52, 1.58, -2.37), Ship height menu
(-2.21, 1.85, -1.72), (-1.60, 1.57, -2.41), Ship height menu
(-2.22, 1.85, -1.71), (-1.72, 1.55, -2.44), Right wall
(-2.26, 1.85, -1.80), (-1.84, 1.59, -2.44), Right wall
(-2.02, 1.85, -2.14), (-1.82, 1.73, -2.44), Right wall
(-1.73, 1.84, -2.29), (-1.60, 1.77, -2.44), Right wall
(-1.36, 1.84, -2.32), (-1.29, 1.81, -2.37), Ship height menu
(-1.46, 1.86, -2.00), (-0.46, 1.40, -2.44), Right wall
(-1.71, 1.86, -1.66), (-0.40, 1.34, -2.44), Right wall
(-1.60, 1.86, -1.23), (0.47, 0.97, -2.44), Right wall
(-1.57, 1.86, -1.00), (1.69, 0.66, -1.79), Front wall
(-1.57, 1.84, -0.99), (-0.13, 1.14, -1.20), Model ship
(-1.58, 1.83, -1.01), (1.08, 0.00, -1.81), Ground
(-1.58, 1.83, -1.01), (1.01, 0.00, -1.94), Ground
(-1.59, 1.83, -1.01), (0.92, 0.00, -1.92), Ground
(-1.61, 1.83, -0.87), (1.01, 0.00, -1.95), Ground
(-1.77, 1.84, -0.89), (1.12, 0.00, -2.03), Ground
(-1.78, 1.88, -0.88), (1.69, 1.18, -2.06), Front wall
(-1.93, 1.90, -0.89), (1.69, 1.89, -2.18), Front wall
(-1.93, 1.89, -0.89), (1.69, 1.54, -2.21), Front wall
(-1.94, 1.88, -0.95), (-0.59, 1.57, -2.44), Right wall
(-2.00, 1.89, -0.91), (-0.99, 1.72, -2.37), Ship height menu
(-1.99, 1.88, -0.70), (-0.07, 1.42, -2.44), Right wall
(-2.02, 1.82, -0.53), (0.23, 0.00, -0.61), Ground
(-2.12, 1.82, -0.41), (0.07, 0.00, -0.41), Ground
(-2.48, 1.81, -0.36), (-0.60, 0.00, -0.52), Ground
(-2.47, 1.78, -0.29), (-1.05, 0.00, -0.27), Ground
(-2.49, 1.77, -0.28), (-1.15, 0.00, -0.24), Ground
(-2.32, 1.78, -0.29), (-0.89, 0.00, -0.57), Ground
(-2.12, 1.84, -0.31), (-0.43, 0.89, -1.00), Model ship
(-2.00, 1.90, -0.22), (-0.75, 2.14, -2.44), Right wall
(-2.22, 1.90, -0.18), (-1.07, 2.09, -2.44), Right wall
(-2.16, 1.80, -0.17), (-0.26, 0.00, -0.68), Ground
(-2.15, 1.76, -0.18), (-0.82, 0.00, -0.26), Ground
(-2.08, 1.78, -0.16), (-0.34, 0.00, -0.38), Ground
(-1.90, 1.84, -0.22), (-0.43, 0.78, -0.01), Model ship
(-2.05, 1.65, -0.41), (1.69, 0.84, 0.49), Front wall
(-2.04, 1.40, -0.55), (-0.43, 1.05, -0.20), Model ship
(-2.08, 1.60, -0.63), (1.69, 1.57, -1.61), Front wall
(-2.19, 1.80, -0.91), (1.69, 1.32, -2.02), Front wall
(-2.35, 1.71, -1.23), (1.69, 0.88, -1.84), Front wall
(-2.59, 1.47, -1.38), (1.69, 0.93, -2.44), Front wall
(-2.79, 1.22, -1.44), (1.69, 0.27, -1.65), Front wall
(-2.76, 0.93, -1.35), (-0.43, 0.75, -1.18), Model ship
(-2.79, 0.83, -1.09), (1.69, 0.13, -0.68), Front wall
(-2.81, 0.82, -1.21), (1.69, 0.54, -0.76), Front wall
(-2.84, 0.80, -1.38), (1.69, 0.64, -1.84), Front wall
(-2.87, 0.76, -1.43), (1.69, 1.59, -1.97), Front wall
(-2.86, 0.75, -1.44), (1.69, 1.76, -2.19), Front wall
(-2.87, 0.75, -1.44), (1.69, 2.02, -2.26), Front wall
(-2.87, 0.76, -1.44), (1.69, 2.14, -2.21), Front wall
